ward_gss_code,ward_name,lad22cd,lad22nm,Simpson's 2011,Simpson's standardised 2011
E05009317,Bethnal Green,E09000030,Tower Hamlets,1.62084012160329,0.383036002952082
E05009318,Blackwall & Cubitt Town,E09000030,Tower Hamlets,2.52250528803262,0.603568720056111
E05009319,Bow East,E09000030,Tower Hamlets,1.51045706740454,0.337948743079254
E05009320,Bow West,E09000030,Tower Hamlets,1.4993299251624,0.333035389197821
E05009321,Bromley North,E09000030,Tower Hamlets,1.54888718822496,0.354375187810798
E05009322,Bromley South,E09000030,Tower Hamlets,1.57379867960092,0.364594714075132
E05009323,Canary Wharf,E09000030,Tower Hamlets,2.81153430113445,0.644322319099396
E05009324,Island Gardens,E09000030,Tower Hamlets,2.35119054243457,0.574683556286962
E05009325,Lansbury,E09000030,Tower Hamlets,1.52719051669452,0.345202848584722
E05009326,Limehouse,E09000030,Tower Hamlets,2.14352213153727,0.533478108162648
E05009327,Mile End,E09000030,Tower Hamlets,1.68653378631026,0.407067911643936
E05009328,Poplar,E09000030,Tower Hamlets,1.80677050865336,0.446526277017147
E05009329,St Dunstan's,E09000030,Tower Hamlets,1.57720709982481,0.365967855387489
E05009330,St Katharine's & Wapping,E09000030,Tower Hamlets,1.94724877783294,0.486454935094178
E05009331,St Peter's,E09000030,Tower Hamlets,1.7098362871579,0.415148685572578
E05009332,Shadwell,E09000030,Tower Hamlets,1.63982239644917,0.390177861843225
E05009333,Spitalfields & Banglatown,E09000030,Tower Hamlets,1.94993821041619,0.487163236938384
E05009334,Stepney Green,E09000030,Tower Hamlets,1.59178438573224,0.371774212033127
E05009335,Weavers,E09000030,Tower Hamlets,1.70404825448851,0.413162158192425
E05009336,Whitechapel,E09000030,Tower Hamlets,1.9162333929276,0.478142900707824
E05009367,Brownswood,E09000012,Hackney,1.80314308757724,0.445412842225609
E05009368,Cazenove,E09000012,Hackney,1.61785658465832,0.381898241486471
E05009369,Clissold,E09000012,Hackney,1.48429275099757,0.326278458661259
E05009370,Dalston,E09000012,Hackney,1.74119623366531,0.42568219442162
E05009371,De Beauvoir,E09000012,Hackney,1.63977760618766,0.390161204649627
E05009372,Hackney Central,E09000012,Hackney,1.6171047272219,0.381610860962637
E05009373,Hackney Downs,E09000012,Hackney,1.60940680900697,0.378653057509421
E05009374,Hackney Wick,E09000012,Hackney,1.55227471175946,0.35578413252218
E05009375,Haggerston,E09000012,Hackney,1.68255671991653,0.405666395573512
E05009376,Homerton,E09000012,Hackney,1.67634355990926,0.403463571599767
E05009377,Hoxton East & Shoreditch,E09000012,Hackney,2.02975024832218,0.507328549004187
E05009378,Hoxton West,E09000012,Hackney,1.91904417543076,0.478907253515655
E05009379,King's Park,E09000012,Hackney,1.62585731439708,0.3849398768607
E05009380,Lea Bridge,E09000012,Hackney,1.71203582951208,0.415900074775306
E05009381,London Fields,E09000012,Hackney,1.62051082306869,0.382910631780697
E05009382,Shacklewell,E09000012,Hackney,1.69143466436312,0.408785913479825
E05009383,Springfield,E09000012,Hackney,1.70130730259745,0.412216712128808
E05009384,Stamford Hill West,E09000012,Hackney,1.5131728001734,0.339136944646766
E05009385,Stoke Newington,E09000012,Hackney,1.5650976215244,0.361062219859485
E05009386,Victoria,E09000012,Hackney,1.53678730980264,0.349291867767684
E05009387,Woodberry Down,E09000012,Hackney,1.77053290163421,0.435198295904586
E05009388,Abingdon,E09000020,Kensington and Chelsea,3.11457917317247,0.678929337030976
E05009389,Brompton & Hans Town,E09000020,Kensington and Chelsea,3.37895642146142,0.704050637158708
E05009390,Campden,E09000020,Kensington and Chelsea,2.93312618756152,0.659066833114548
E05009391,Chelsea Riverside,E09000020,Kensington and Chelsea,1.86426898173458,0.463596718178745
E05009392,Colville,E09000020,Kensington and Chelsea,1.97164809089875,0.492810099015103
E05009393,Courtfield,E09000020,Kensington and Chelsea,3.78110769528213,0.735527236833865
E05009394,Dalgarno,E09000020,Kensington and Chelsea,1.54814638493686,0.354066249981403
E05009395,Earl's Court,E09000020,Kensington and Chelsea,3.21755526543255,0.689205027573765
E05009396,Golborne,E09000020,Kensington and Chelsea,1.66666322637178,0.399998761491285
E05009397,Holland,E09000020,Kensington and Chelsea,2.5293424010759,0.604640320909248
E05009398,Norland,E09000020,Kensington and Chelsea,1.98526043163972,0.496287749424365
E05009399,Notting Dale,E09000020,Kensington and Chelsea,1.60348278374613,0.37635750746026
E05009400,Pembridge,E09000020,Kensington and Chelsea,2.7744672979679,0.639570449890533
E05009401,Queen's Gate,E09000020,Kensington and Chelsea,3.80460942069827,0.73716093048614
E05009402,Redcliffe,E09000020,Kensington and Chelsea,3.04085020941351,0.671144603932047
E05009403,Royal Hospital,E09000020,Kensington and Chelsea,2.37755386137009,0.579399644210903
E05009404,St Helen's,E09000020,Kensington and Chelsea,1.74131399352135,0.425721033816675
E05009405,Stanley,E09000020,Kensington and Chelsea,2.45579323006312,0.592799594135904
E05011095,Borough & Bankside,E09000028,Southwark,1.86431392538542,0.463609649435374
E05011096,Camberwell Green,E09000028,Southwark,1.9542722284176,0.488300562501616
E05011097,Champion Hill,E09000028,Southwark,1.72701032548586,0.420964666370093
E05011098,Chaucer,E09000028,Southwark,1.99690163090027,0.499224205876799
E05011099,Dulwich Hill,E09000028,Southwark,1.40879168491627,0.29017184676283
E05011100,Dulwich Village,E09000028,Southwark,1.30468078976479,0.233528992037753
E05011101,Dulwich Wood,E09000028,Southwark,1.51559990450923,0.340195260619381
E05011102,Faraday,E09000028,Southwark,1.96763813293401,0.491776468822107
E05011103,Goose Green,E09000028,Southwark,1.42368555862933,0.297597707626702
E05011104,London Bridge & West Bermondsey,E09000028,Southwark,1.95252469188574,0.487842584446805
E05011105,Newington,E09000028,Southwark,1.84461130210011,0.457880368150467
E05011106,North Bermondsey,E09000028,Southwark,2.11711119534873,0.527658253285426
E05011107,North Walworth,E09000028,Southwark,2.01912623898854,0.504736266266869
E05011108,Nunhead & Queen's Road,E09000028,Southwark,1.78661679600219,0.440282884254955
E05011109,Old Kent Road,E09000028,Southwark,1.92000922525879,0.479169169166251
E05011110,Peckham,E09000028,Southwark,1.86628118528004,0.464175062210711
E05011111,Peckham Rye,E09000028,Southwark,1.53380899914225,0.348028339539518
E05011112,Rotherhithe,E09000028,Southwark,2.22291616110288,0.550140478755681
E05011113,Rye Lane,E09000028,Southwark,1.67084572818495,0.401500699237922
E05011114,St George's,E09000028,Southwark,1.85457678311391,0.460793422464311
E05011115,St Giles,E09000028,Southwark,1.74128774865838,0.425712378226701
E05011116,South Bermondsey,E09000028,Southwark,1.90486959500818,0.475029680446076
E05011117,Surrey Docks,E09000028,Southwark,2.24592723278674,0.554749599451982
E05011217,Barnehurst,E09000004,Bexley,1.10790860249901,0.097398469743452
E05011218,Belvedere,E09000004,Bexley,1.38707784224485,0.279059927608965
E05011219,Bexleyheath,E09000004,Bexley,1.1103810533718,0.0994082644301362
E05011220,Blackfen & Lamorbey,E09000004,Bexley,1.08595955163109,0.0791553898135333
E05011221,Blendon & Penhill,E09000004,Bexley,1.07829066053899,0.0726062678683065
E05011222,Crayford,E09000004,Bexley,1.11824308715273,0.105740056443184
E05011223,Crook Log,E09000004,Bexley,1.11315863878123,0.101655446796985
E05011224,East Wickham,E09000004,Bexley,1.14472523382353,0.126427923092188
E05011225,Erith,E09000004,Bexley,1.40945280363347,0.290504799151792
E05011226,Falconwood & Welling,E09000004,Bexley,1.16151839933455,0.139057977408785
E05011227,Longlands,E09000004,Bexley,1.11520428817606,0.103303304513362
E05011228,Northumberland Heath,E09000004,Bexley,1.12673111522906,0.112476804373415
E05011229,St Mary's & St James,E09000004,Bexley,1.08309572283435,0.0767205714901108
E05011230,Sidcup,E09000004,Bexley,1.1374541504834,0.120843684490479
E05011231,Slade Green & Northend,E09000004,Bexley,1.34817588697738,0.258257019978298
E05011232,Thamesmead East,E09000004,Bexley,1.76131806785659,0.432243375997989
E05011233,West Heath,E09000004,Bexley,1.10483976963952,0.0948913792936013
E05011234,Aldborough,E09000026,Redbridge,1.54392878641799,0.352301732568857
E05011235,Barkingside,E09000026,Redbridge,1.4180694725244,0.294815931535545
E05011236,Bridge,E09000026,Redbridge,1.31306822498231,0.23842494931025
E05011237,Chadwell,E09000026,Redbridge,1.42649244675751,0.298979814247844
E05011238,Churchfields,E09000026,Redbridge,1.33690940422575,0.252006159251204
E05011239,Clayhall,E09000026,Redbridge,1.27617960661554,0.216411236462222
E05011240,Clementswood,E09000026,Redbridge,1.7941371388208,0.442629006243496
E05011241,Cranbrook,E09000026,Redbridge,1.5181355259157,0.341297280164218
E05011242,Fairlop,E09000026,Redbridge,1.35802979233836,0.263639129537711
E05011243,Fullwell,E09000026,Redbridge,1.28549437339316,0.222089166084468
E05011244,Goodmayes,E09000026,Redbridge,1.70750022515833,0.414348539891246
E05011245,Hainault,E09000026,Redbridge,1.34994224757924,0.259227569332517
E05011246,Ilford Town,E09000026,Redbridge,2.25470159391055,0.556482328880779
E05011247,Loxford,E09000026,Redbridge,1.96335404551002,0.490667512419936
E05011248,Mayfield,E09000026,Redbridge,1.46808492224022,0.318840494271915
E05011249,Monkhams,E09000026,Redbridge,1.19718285041267,0.164705709194461
E05011250,Newbury,E09000026,Redbridge,1.61606273168245,0.381212139606166
E05011251,Seven Kings,E09000026,Redbridge,1.74256256685504,0.426132513677949
E05011252,South Woodford,E09000026,Redbridge,1.35727031761556,0.263227091153962
E05011253,Valentines,E09000026,Redbridge,1.7582901366527,0.431265648851489
E05011254,Wanstead Park,E09000026,Redbridge,1.30056299776558,0.23110222133181
E05011255,Wanstead Village,E09000026,Redbridge,1.40034858030494,0.285892088538242
E05011462,Addiscombe East,E09000008,Croydon,1.39516238676852,0.283237557517444
E05011463,Addiscombe West,E09000008,Croydon,1.74738684465609,0.427716877314128
E05011464,Bensham Manor,E09000008,Croydon,1.67195517091418,0.401897839489783
E05011465,Broad Green,E09000008,Croydon,1.93223074000231,0.482463466035735
E05011466,Coulsdon Town,E09000008,Croydon,1.12127659211394,0.108159389901554
E05011467,Crystal Palace & Upper Norwood,E09000008,Croydon,1.50700035981254,0.336430151798775
E05011468,Fairfield,E09000008,Croydon,2.10034228138434,0.523887125987439
E05011469,Kenley,E09000008,Croydon,1.16882422692189,0.144439363108081
E05011470,New Addington North,E09000008,Croydon,1.27961128666844,0.218512676139667
E05011471,New Addington South,E09000008,Croydon,1.19420045214732,0.162619643794411
E05011472,Norbury & Pollards Hill,E09000008,Croydon,1.66483762339121,0.399340821020708
E05011473,Norbury Park,E09000008,Croydon,1.40716357657131,0.289350565456934
E05011474,Old Coulsdon,E09000008,Croydon,1.10804669322675,0.0975109567919968
E05011475,Park Hill & Whitgift,E09000008,Croydon,1.74772699661582,0.42782825811106
E05011476,Purley & Woodcote,E09000008,Croydon,1.24843399525726,0.198996499775759
E05011477,Purley Oaks & Riddlesdown,E09000008,Croydon,1.24621183113525,0.197568202278227
E05011478,Sanderstead,E09000008,Croydon,1.12195591535511,0.108699382645983
E05011479,Selhurst,E09000008,Croydon,1.68031091782841,0.404872045173419
E05011480,Selsdon & Addington Village,E09000008,Croydon,1.17596089155078,0.149631584532318
E05011481,Selsdon Vale & Forestdale,E09000008,Croydon,1.14684526464388,0.12804278761135
E05011482,Shirley North,E09000008,Croydon,1.18679930071697,0.157397548687564
E05011483,Shirley South,E09000008,Croydon,1.19618639485291,0.164009886500202
E05011484,South Croydon,E09000008,Croydon,1.45418959104423,0.312331757730494
E05011485,South Norwood,E09000008,Croydon,1.57135804301866,0.363607801262816
E05011486,Thornton Heath,E09000008,Croydon,1.54713028113968,0.35364202214221
E05011487,Waddon,E09000008,Croydon,1.51791566170629,0.341201869624363
E05011488,West Thornton,E09000008,Croydon,1.62890753906917,0.386091612927618
E05011489,Woodside,E09000008,Croydon,1.42058032798311,0.296062334313918
E05013496,Alperton,E09000005,Brent,2.36099218478969,0.576449254494642
E05013497,Barnhill,E09000005,Brent,2.08259534571961,0.519829907401206
E05013498,Brondesbury Park,E09000005,Brent,1.99168427140935,0.497912387844293
E05013499,Cricklewood & Mapesbury,E09000005,Brent,2.42161212085401,0.587051951306166
E05013500,Dollis Hill,E09000005,Brent,2.0745197672476,0.51796072720639
E05013501,Harlesden & Kensal Green,E09000005,Brent,2.22601701723926,0.550767135985234
E05013502,Kenton,E09000005,Brent,1.70372943318556,0.413052342395563
E05013503,Kilburn,E09000005,Brent,1.99038759745685,0.497585293800205
E05013504,Kingsbury,E09000005,Brent,2.06408698881704,0.515524294558382
E05013505,Northwick Park,E09000005,Brent,1.69771508058395,0.410973012234753
E05013506,Preston,E09000005,Brent,2.06606829855002,0.515988895090348
E05013507,Queens Park,E09000005,Brent,1.9009631002926,0.473950862146625
E05013508,Queensbury,E09000005,Brent,1.84825623067739,0.458949477133104
E05013509,Roundwood,E09000005,Brent,2.12809521427916,0.530096213134558
E05013510,Stonebridge,E09000005,Brent,1.61956913814266,0.382551830330126
E05013511,Sudbury,E09000005,Brent,2.24342574910899,0.554253132559808
E05013512,Tokyngton,E09000005,Brent,2.0530924194171,0.512929865922005
E05013513,Welsh Harp,E09000005,Brent,2.0520097154344,0.512672872609521
E05013514,Wembley Central,E09000005,Brent,2.23092874370427,0.551756189962578
E05013515,Wembley Hill,E09000005,Brent,2.36255420531388,0.57672928826319
E05013516,Wembley Park,E09000005,Brent,2.66935167710293,0.625377199798076
E05013517,Willesden Green,E09000005,Brent,2.62769587773828,0.619438456150137
E05013518,Central Greenford,E09000009,Ealing,2.13870866890399,0.532428135472765
E05013519,Dormers Wells,E09000009,Ealing,1.67655699463014,0.4035395138949
E05013520,Ealing Broadway,E09000009,Ealing,2.00845861785139,0.502105748601491
E05013521,Ealing Common,E09000009,Ealing,1.97534240293472,0.493758652416754
E05013522,East Acton,E09000009,Ealing,2.30627185964071,0.566399773808198
E05013523,Greenford Broadway,E09000009,Ealing,1.89833849685926,0.473223557519131
E05013524,Hanger Hill,E09000009,Ealing,2.2742210423117,0.56028900384128
E05013525,Hanwell Broadway,E09000009,Ealing,1.94584411270327,0.486084217398718
E05013526,Lady Margaret,E09000009,Ealing,1.71640960624848,0.417388485615809
E05013527,North Acton,E09000009,Ealing,2.46095906642399,0.593654354660561
E05013528,North Greenford,E09000009,Ealing,1.98854315359003,0.497119286451167
E05013529,North Hanwell,E09000009,Ealing,1.86586522428137,0.464055609705065
E05013530,Northfield,E09000009,Ealing,1.78120717469501,0.438582993485175
E05013531,Northolt Mandeville,E09000009,Ealing,1.86926059575628,0.46502911243608
E05013532,Northolt West End,E09000009,Ealing,1.66923322197536,0.400922539262306
E05013533,Norwood Green,E09000009,Ealing,1.60462576959871,0.376801732250577
E05013534,Perivale,E09000009,Ealing,2.12731332253716,0.529923500499051
E05013535,Pitshanger,E09000009,Ealing,1.6156467423562,0.381052816940887
E05013536,South Acton,E09000009,Ealing,2.1022072030245,0.524309497864304
E05013537,Southall Broadway,E09000009,Ealing,1.84595638448079,0.458275391332569
E05013538,Southall Green,E09000009,Ealing,1.98256225798342,0.495602220826518
E05013539,Southall West,E09000009,Ealing,1.90125819886665,0.474032511420015
E05013540,Southfield,E09000009,Ealing,1.75968224516868,0.431715582318591
E05013541,Walpole,E09000009,Ealing,1.84098701362509,0.456813115682495
E05013542,Belmont,E09000015,Harrow,1.41135763072477,0.291462363450382
E05013543,Canons,E09000015,Harrow,1.42830605413036,0.299869942364095
E05013544,Centenary,E09000015,Harrow,1.54931424934461,0.354553151226085
E05013545,Edgware,E09000015,Harrow,2.00433844619721,0.501082263877501
E05013546,Greenhill,E09000015,Harrow,2.19813036231181,0.545067928114927
E05013547,Harrow on the Hill,E09000015,Harrow,1.74702332976613,0.42759779851717
E05013548,Harrow Weald,E09000015,Harrow,1.48630495458668,0.327190562802043
E05013549,Hatch End,E09000015,Harrow,1.27415804987804,0.215168008320695
E05013550,Headstone,E09000015,Harrow,1.51320177515479,0.33914959893719
E05013551,Kenton East,E09000015,Harrow,1.70524923612474,0.413575459343087
E05013552,Kenton West,E09000015,Harrow,1.46612239422545,0.317928705039459
E05013553,Marlborough,E09000015,Harrow,2.08601070929419,0.5206160756776
E05013554,North Harrow,E09000015,Harrow,1.47977290676491,0.32422063180883
E05013555,Pinner,E09000015,Harrow,1.3300626049565,0.248155691112971
E05013556,Pinner South,E09000015,Harrow,1.30703619483313,0.23491024659216
E05013557,Rayners Lane,E09000015,Harrow,1.68067603614801,0.405001333694309
E05013558,Roxbourne,E09000015,Harrow,1.64227292842512,0.391087813303379
E05013559,Roxeth,E09000015,Harrow,1.79040022907226,0.441465665742137
E05013560,Stanmore,E09000015,Harrow,1.33133136800219,0.248872201140569
E05013561,Wealdstone North,E09000015,Harrow,1.74076679563841,0.425540513234997
E05013562,Wealdstone South,E09000015,Harrow,1.96417356987398,0.490880024383915
E05013563,West Harrow,E09000015,Harrow,1.67632001829029,0.403455194062576
E05013564,Belmore,E09000017,Hillingdon,1.69436784059877,0.409809383748329
E05013565,Charville,E09000017,Hillingdon,1.40516593678009,0.288340277952168
E05013566,Colham & Cowley,E09000017,Hillingdon,1.46950866661575,0.319500440713301
E05013567,Eastcote,E09000017,Hillingdon,1.21907067402662,0.179703013692407
E05013568,Harefield Village,E09000017,Hillingdon,1.20478117645399,0.169973751629089
E05013569,Hayes Town,E09000017,Hillingdon,1.86555643513118,0.463966899543469
E05013570,Heathrow Villages,E09000017,Hillingdon,1.98872838046214,0.49716612392909
E05013571,Hillingdon East,E09000017,Hillingdon,1.32012601083568,0.242496555789424
E05013572,Hillingdon West,E09000017,Hillingdon,1.47158004725597,0.320458304755706
E05013573,Ickenham & South Harefield,E09000017,Hillingdon,1.16902506491562,0.144586348050478
E05013574,Northwood,E09000017,Hillingdon,1.36183197128976,0.26569501885543
E05013575,Northwood Hills,E09000017,Hillingdon,1.33865756216241,0.252982967216319
E05013576,Pinkwell,E09000017,Hillingdon,1.75048428033583,0.42872951717787
E05013577,Ruislip,E09000017,Hillingdon,1.21368314282605,0.176061720959961
E05013578,Ruislip Manor,E09000017,Hillingdon,1.25147854964724,0.200945153808766
E05013579,South Ruislip,E09000017,Hillingdon,1.31615160474814,0.24020910935153
E05013580,Uxbridge,E09000017,Hillingdon,1.5650145541254,0.361028306501057
E05013581,West Drayton,E09000017,Hillingdon,1.52395259773118,0.343811611011541
E05013582,Wood End,E09000017,Hillingdon,1.64115932971512,0.390674639631983
E05013583,Yeading,E09000017,Hillingdon,1.56896679328885,0.362637881007148
E05013584,Yiewsley,E09000017,Hillingdon,1.60532853098458,0.377074548480939
E05013585,Alexandra Park,E09000014,Haringey,1.38761232731101,0.279337621669983
E05013586,Bounds Green,E09000014,Haringey,2.00140426585282,0.500350820140832
E05013587,Bruce Castle,E09000014,Haringey,1.98832664082461,0.497064526789585
E05013588,Crouch End,E09000014,Haringey,1.45478550679225,0.312613443472526
E05013589,Fortis Green,E09000014,Haringey,1.45669591360739,0.313514927406102
E05013590,Harringay,E09000014,Haringey,2.14606474729087,0.534030834222327
E05013591,Hermitage & Gardens,E09000014,Haringey,2.2365482465078,0.552882437675367
E05013592,Highgate,E09000014,Haringey,1.57232935359277,0.364000934209487
E05013593,Hornsey,E09000014,Haringey,1.46663573424484,0.318167438136986
E05013594,Muswell Hill,E09000014,Haringey,1.47452969241153,0.321817658100503
E05013595,Noel Park,E09000014,Haringey,2.115664311915,0.527335223093663
E05013596,Northumberland Park,E09000014,Haringey,2.00902229744683,0.502245444826146
E05013597,St Ann's,E09000014,Haringey,2.3308370859448,0.570969585978313
E05013598,Seven Sisters,E09000014,Haringey,2.15786007323498,0.536577921616188
E05013599,South Tottenham,E09000014,Haringey,1.99677135717329,0.49919153416962
E05013600,Stroud Green,E09000014,Haringey,1.50530123962513,0.335681142301435
E05013601,Tottenham Central,E09000014,Haringey,2.22946536202194,0.551461970643453
E05013602,Tottenham Hale,E09000014,Haringey,2.23608077665807,0.552788964317045
E05013603,West Green,E09000014,Haringey,2.03267503397437,0.508037446573661
E05013604,White Hart Lane,E09000014,Haringey,1.70790180690024,0.414486245075792
E05013605,Woodside,E09000014,Haringey,2.31785218155808,0.56856610272369
E05013606,Bedfont,E09000018,Hounslow,1.60160638671824,0.375626865444111
E05013607,Brentford East,E09000018,Hounslow,1.74805591986988,0.427935920908963
E05013608,Brentford West,E09000018,Hounslow,1.91881742186324,0.478845674108502
E05013609,Chiswick Gunnersbury,E09000018,Hounslow,1.87902024358612,0.467807755976331
E05013610,Chiswick Homefields,E09000018,Hounslow,1.64584309516049,0.392408667059184
E05013611,Chiswick Riverside,E09000018,Hounslow,1.56327977951316,0.360319238369844
E05013612,Cranford,E09000018,Hounslow,1.98578088304977,0.496419766885763
E05013613,Feltham North,E09000018,Hounslow,1.71398197809401,0.416563293674754
E05013614,Feltham West,E09000018,Hounslow,1.75701850565125,0.430854030971435
E05013615,Hanworth Park,E09000018,Hounslow,1.53251455595271,0.347477649647291
E05013616,Hanworth Village,E09000018,Hounslow,1.50051970732187,0.333564234364637
E05013617,Heston Central,E09000018,Hounslow,1.79506282894355,0.442916435081811
E05013618,Heston East,E09000018,Hounslow,1.91749588565763,0.478486495079474
E05013619,Heston West,E09000018,Hounslow,1.66030434946801,0.397700788821992
E05013620,Hounslow Central,E09000018,Hounslow,2.96240777716105,0.662436749015584
E05013621,Hounslow East,E09000018,Hounslow,2.40573333626558,0.584326332047965
E05013622,Hounslow Heath,E09000018,Hounslow,2.17312006734725,0.539832145022382
E05013623,Hounslow South,E09000018,Hounslow,1.60613275338507,0.377386459561072
E05013624,Hounslow West,E09000018,Hounslow,2.29471381780949,0.564215811035387
E05013625,Isleworth,E09000018,Hounslow,1.59656426142114,0.373655026506808
E05013626,Osterley & Spring Grove,E09000018,Hounslow,1.76548977080128,0.433584936860811
E05013627,Syon & Brentford Lock,E09000018,Hounslow,1.79069078457638,0.441556292904827
E05013628,Barnet Vale,E09000003,Barnet,1.37368473877387,0.272030931280066
E05013629,Brunswick Park,E09000003,Barnet,1.34387209669581,0.255881566066658
E05013630,Burnt Oak,E09000003,Barnet,1.96381908950076,0.490788125369421
E05013631,Childs Hill,E09000003,Barnet,2.12345495641738,0.529069360770824
E05013632,Colindale North,E09000003,Barnet,1.98368250139481,0.495887068975575
E05013633,Colindale South,E09000003,Barnet,2.19556102154989,0.544535546867161
E05013634,Cricklewood,E09000003,Barnet,2.22138653709205,0.549830710098267
E05013635,East Barnet,E09000003,Barnet,1.27964626122613,0.218534035302987
E05013636,East Finchley,E09000003,Barnet,1.54629909558535,0.353294583916541
E05013637,Edgware,E09000003,Barnet,1.4645312612137,0.317187671930422
E05013638,Edgwarebury,E09000003,Barnet,1.37214307616404,0.271213026271577
E05013639,Finchley Church End,E09000003,Barnet,1.69979897201981,0.41169513780107
E05013640,Friern Barnet,E09000003,Barnet,1.57998628492553,0.367083113606181
E05013641,Garden Suburb,E09000003,Barnet,1.51406415717802,0.339526006702488
E05013642,Golders Green,E09000003,Barnet,1.85775829258265,0.461716842286407
E05013643,Hendon,E09000003,Barnet,2.09020599871736,0.521578255629521
E05013644,High Barnet,E09000003,Barnet,1.26217701963384,0.207718105745497
E05013645,Mill Hill,E09000003,Barnet,1.46118387368326,0.31562343520856
E05013646,Totteridge & Woodside,E09000003,Barnet,1.57081227496093,0.363386691115033
E05013647,Underhill,E09000003,Barnet,1.34268514401233,0.25522375483227
E05013648,West Finchley,E09000003,Barnet,1.8499571611017,0.459446942325695
E05013649,West Hendon,E09000003,Barnet,2.24985336252012,0.555526588239567
E05013650,Whetstone,E09000003,Barnet,1.49885861955162,0.332825666840313
E05013651,Woodhouse,E09000003,Barnet,1.66257622288088,0.398523817291684
E05013652,Belsize,E09000007,Camden,2.38030433158478,0.579885652968496
E05013653,Bloomsbury,E09000007,Camden,2.52453369409898,0.603887243676934
E05013654,Camden Square,E09000007,Camden,1.66847235360868,0.400649343792162
E05013655,Camden Town,E09000007,Camden,1.75266508498849,0.429440337138587
E05013656,Fortune Green,E09000007,Camden,1.97830761400906,0.494517438583027
E05013657,Frognal,E09000007,Camden,2.19230527636126,0.543859146450726
E05013658,Gospel Oak,E09000007,Camden,1.63491750036054,0.388348341870783
E05013659,Hampstead Town,E09000007,Camden,1.94154908858028,0.484947351637023
E05013660,Haverstock,E09000007,Camden,1.57133199656151,0.363597252402251
E05013661,Highgate,E09000007,Camden,1.39751127912947,0.284442268957634
E05013662,Holborn & Covent Garden,E09000007,Camden,1.99840512234453,0.499600962378039
E05013663,Kentish Town North,E09000007,Camden,1.56771588938095,0.362129320259125
E05013664,Kentish Town South,E09000007,Camden,1.65107591696646,0.394334330890542
E05013665,Kilburn,E09000007,Camden,1.96367205214991,0.490749996209826
E05013666,King's Cross,E09000007,Camden,2.22777060037651,0.551120748325258
E05013667,Primrose Hill,E09000007,Camden,1.98235546364268,0.495549603317636
E05013668,Regent's Park,E09000007,Camden,1.87353332921189,0.466249153720337
E05013669,St Pancras & Somers Town,E09000007,Camden,1.64121734965486,0.390696180362523
E05013670,South Hampstead,E09000007,Camden,2.17266945370849,0.539736705786921
E05013671,West Hampstead,E09000007,Camden,1.97411473873072,0.493443830603807
E05013672,Arnos Grove,E09000010,Enfield,1.46218743867794,0.316093153621832
E05013673,Bowes,E09000010,Enfield,1.68337972495362,0.405956965516172
E05013674,Brimsdown,E09000010,Enfield,1.4288558014685,0.300139314987379
E05013675,Bullsmoor,E09000010,Enfield,1.38562903948883,0.278306118375731
E05013676,Bush Hill Park,E09000010,Enfield,1.27681461981237,0.216800947856509
E05013677,Carterhatch,E09000010,Enfield,1.47710999088624,0.323002345004775
E05013678,Cockfosters,E09000010,Enfield,1.30886170274858,0.235977339775456
E05013679,Edmonton Green,E09000010,Enfield,1.63010939620484,0.386544239099434
E05013680,Enfield Lock,E09000010,Enfield,1.4509325233661,0.310788073259229
E05013681,Grange Park,E09000010,Enfield,1.25888842090461,0.205648424916464
E05013682,Haselbury,E09000010,Enfield,1.60458628633483,0.376786397517965
E05013683,Highfield,E09000010,Enfield,1.38472750608697,0.277836256155664
E05013684,Jubilee,E09000010,Enfield,1.48987425934009,0.328802418237007
E05013685,Lower Edmonton,E09000010,Enfield,1.65846016609626,0.397031040936102
E05013686,New Southgate,E09000010,Enfield,1.88472765243986,0.469419362152693
E05013687,Oakwood,E09000010,Enfield,1.28214560413329,0.220057381333077
E05013688,Palmers Green,E09000010,Enfield,1.59942343567973,0.374774698374347
E05013689,Ponders End,E09000010,Enfield,1.64235138118699,0.391116900162216
E05013690,Ridgeway,E09000010,Enfield,1.25617780495302,0.203934350649194
E05013691,Southbury,E09000010,Enfield,1.38347417038395,0.277182023772461
E05013692,Southgate,E09000010,Enfield,1.46990195217463,0.3196825145238
E05013693,Town,E09000010,Enfield,1.26205539537763,0.207641753553314
E05013694,Upper Edmonton,E09000010,Enfield,1.69465034932634,0.409907772185853
E05013695,Whitewebbs,E09000010,Enfield,1.25954020163421,0.20605948210106
E05013696,Winchmore Hill,E09000010,Enfield,1.35072801655248,0.259658504343207
E05013697,Arsenal,E09000019,Islington,1.67747705804175,0.40386666082493
E05013698,Barnsbury,E09000019,Islington,1.65578711101399,0.396057625193368
E05013699,Bunhill,E09000019,Islington,2.03363733741145,0.508270239927408
E05013700,Caledonian,E09000019,Islington,1.87703761560304,0.467245625933433
E05013701,Canonbury,E09000019,Islington,1.49352836061005,0.330444585872117
E05013702,Clerkenwell,E09000019,Islington,1.89668584942759,0.472764559137828
E05013703,Finsbury Park,E09000019,Islington,1.66354085321889,0.398872592719898
E05013704,Highbury,E09000019,Islington,1.53599053452119,0.348954321315707
E05013705,Hillrise,E09000019,Islington,1.52124855215604,0.342645224817
E05013706,Holloway,E09000019,Islington,1.80068683923681,0.444656351004469
E05013707,Junction,E09000019,Islington,1.66333755641017,0.398799121593689
E05013708,Laycock,E09000019,Islington,1.60636005687068,0.377474560748178
E05013709,Mildmay,E09000019,Islington,1.55687771917319,0.357688797466336
E05013710,St Mary's & St James',E09000019,Islington,1.61487322969227,0.380756345691259
E05013711,St Peter's & Canalside,E09000019,Islington,1.86302414087922,0.46323830268347
E05013712,Tollington,E09000019,Islington,1.65313692312147,0.395089429064479
E05013713,Tufnell Park,E09000019,Islington,1.5732394852449,0.364368864766743
E05013714,Bellingham,E09000023,Lewisham,1.50416024346054,0.335177216425189
E05013715,Blackheath,E09000023,Lewisham,1.55224967334082,0.355773741058193
E05013716,Brockley,E09000023,Lewisham,1.8325262538882,0.454305225980676
E05013717,Catford South,E09000023,Lewisham,1.46825078230544,0.318917441045185
E05013718,Crofton Park,E09000023,Lewisham,1.51327924807424,0.339183431430403
E05013719,Deptford,E09000023,Lewisham,1.91584402872315,0.478036841722201
E05013720,Downham,E09000023,Lewisham,1.40739847328107,0.28946917380925
E05013721,Evelyn,E09000023,Lewisham,2.08112277065844,0.519490145368208
E05013722,Forest Hill,E09000023,Lewisham,1.56924449460129,0.362750671778474
E05013723,Grove Park,E09000023,Lewisham,1.45028969822801,0.310482587567284
E05013724,Hither Green,E09000023,Lewisham,1.61763031705165,0.381811783904598
E05013725,Ladywell,E09000023,Lewisham,1.66175774935148,0.398227569337192
E05013726,Lee Green,E09000023,Lewisham,1.49791629087625,0.332405952127656
E05013727,Lewisham Central,E09000023,Lewisham,2.30027072155197,0.565268561378154
E05013728,New Cross Gate,E09000023,Lewisham,2.00864221222988,0.502151257246628
E05013729,Perry Vale,E09000023,Lewisham,1.49271321459611,0.330078952727318
E05013730,Rushey Green,E09000023,Lewisham,1.7518222757397,0.42916583842516
E05013731,Sydenham,E09000023,Lewisham,1.57822795422602,0.366377970101023
E05013732,Telegraph Hill,E09000023,Lewisham,1.75236776513634,0.429343531708825
E05013733,Addison,E09000013,Hammersmith and Fulham,2.16929549883407,0.539020847764877
E05013734,Avonmore,E09000013,Hammersmith and Fulham,2.51993009673588,0.603163595174595
E05013735,Brook Green,E09000013,Hammersmith and Fulham,2.0830372690215,0.519931777087337
E05013736,College Park & Old Oak,E09000013,Hammersmith and Fulham,2.03738194617457,0.509174015271108
E05013737,Coningham,E09000013,Hammersmith and Fulham,1.95293350435302,0.487949795642793
E05013738,Fulham Reach,E09000013,Hammersmith and Fulham,2.0512943332535,0.512502918869801
E05013739,Fulham Town,E09000013,Hammersmith and Fulham,2.01454344569102,0.503609613315147
E05013740,Grove,E09000013,Hammersmith and Fulham,1.78999138225041,0.441338092509261
E05013741,Hammersmith Broadway,E09000013,Hammersmith and Fulham,1.86460152599661,0.463692383569453
E05013742,Lillie,E09000013,Hammersmith and Fulham,1.94722823157017,0.48644951640125
E05013743,Munster,E09000013,Hammersmith and Fulham,1.94250000562132,0.485199486689245
E05013744,Palace & Hurlingham,E09000013,Hammersmith and Fulham,1.74340761845988,0.426410674467859
E05013745,Parsons Green & Sandford,E09000013,Hammersmith and Fulham,1.97489805145964,0.493644748263889
E05013746,Ravenscourt,E09000013,Hammersmith and Fulham,1.72172478392335,0.419187079527734
E05013747,Sands End,E09000013,Hammersmith and Fulham,1.83899209955053,0.456223873803258
E05013748,Shepherd's Bush Green,E09000013,Hammersmith and Fulham,2.08654611759393,0.520739085722614
E05013749,Walham Green,E09000013,Hammersmith and Fulham,2.10378920295049,0.52466720591705
E05013750,Wendell Park,E09000013,Hammersmith and Fulham,1.85450977634189,0.460773939961346
E05013751,West Kensington,E09000013,Hammersmith and Fulham,2.24734928744385,0.55503134043867
E05013752,White City,E09000013,Hammersmith and Fulham,1.85725159455114,0.461569987106847
E05013753,Wormholt,E09000013,Hammersmith and Fulham,1.7792870650914,0.437977142857143
E05013754,Beddington,E09000029,Sutton,1.18917121866349,0.159078201435197
E05013755,Belmont,E09000029,Sutton,1.30275040559736,0.232393253762633
E05013756,Carshalton Central,E09000029,Sutton,1.20609951020492,0.170881016417876
E05013757,Carshalton South & Clockhouse,E09000029,Sutton,1.1397433709998,0.122609505398761
E05013758,Cheam,E09000029,Sutton,1.1873246798835,0.157770391753229
E05013759,Hackbridge,E09000029,Sutton,1.36587355441803,0.267867807554063
E05013760,North Cheam,E09000029,Sutton,1.21026353838055,0.17373368007261
E05013761,St Helier East,E09000029,Sutton,1.29987890267568,0.230697568872309
E05013762,St Helier West,E09000029,Sutton,1.41386591334995,0.292719351560968
E05013763,South Beddington & Roundshaw,E09000029,Sutton,1.18149365855733,0.153613739052096
E05013764,Stonecot,E09000029,Sutton,1.24595340021125,0.197401764921181
E05013765,Sutton Central,E09000029,Sutton,1.5853723441933,0.369233351608112
E05013766,Sutton North,E09000029,Sutton,1.34805707196436,0.25819164425819
E05013767,Sutton South,E09000029,Sutton,1.61002577469619,0.378891930976261
E05013768,Sutton West & East Cheam,E09000029,Sutton,1.42408762262991,0.297796017527864
E05013769,The Wrythe,E09000029,Sutton,1.212623951616,0.175342035206091
E05013770,Wallington North,E09000029,Sutton,1.2199496811304,0.180294060101392
E05013771,Wallington South,E09000029,Sutton,1.24782324301673,0.19860444530396
E05013772,Worcester Park North,E09000029,Sutton,1.37393685535898,0.27216451316555
E05013773,Worcester Park South,E09000029,Sutton,1.17817364357311,0.151228678849706
E05013774,Barnes,E09000027,Richmond upon Thames,1.58538462242162,0.369238236666802
E05013775,East Sheen,E09000027,Richmond upon Thames,1.40938782099103,0.290472086457484
E05013776,Fulwell & Hampton Hill,E09000027,Richmond upon Thames,1.25832962155634,0.205295669060729
E05013777,"Ham, Petersham & Richmond Riverside",E09000027,Richmond upon Thames,1.58517609791101,0.369155262107579
E05013778,Hampton,E09000027,Richmond upon Thames,1.22422405356949,0.183156059477608
E05013779,Hampton North,E09000027,Richmond upon Thames,1.25772299600854,0.204912366893539
E05013780,Hampton Wick & South Teddington,E09000027,Richmond upon Thames,1.29328973316721,0.226778057264054
E05013781,Heathfield,E09000027,Richmond upon Thames,1.31533000854669,0.23973452023276
E05013782,Kew,E09000027,Richmond upon Thames,1.56875582580325,0.362552168060971
E05013783,Mortlake & Barnes Common,E09000027,Richmond upon Thames,1.44617354822291,0.308520058862353
E05013784,North Richmond,E09000027,Richmond upon Thames,1.5361867398098,0.349037474360823
E05013785,St Margarets & North Twickenham,E09000027,Richmond upon Thames,1.38754686210211,0.27930362043051
E05013786,South Richmond,E09000027,Richmond upon Thames,1.72046192934057,0.418760750850624
E05013787,South Twickenham,E09000027,Richmond upon Thames,1.31726371538232,0.24085056900716
E05013788,Teddington,E09000027,Richmond upon Thames,1.25868693656649,0.205521269071201
E05013789,Twickenham Riverside,E09000027,Richmond upon Thames,1.53304504363244,0.347703445405247
E05013790,West Twickenham,E09000027,Richmond upon Thames,1.29018387542092,0.22491668121821
E05013791,Whitton,E09000027,Richmond upon Thames,1.3371648410093,0.252149047498742
E05013792,Abbey Road,E09000033,Westminster,2.59812133666391,0.615106505655337
E05013793,Bayswater,E09000033,Westminster,2.98749384849459,0.66527127729354
E05013794,Church Street,E09000033,Westminster,1.6978911982171,0.411034110401144
E05013795,Harrow Road,E09000033,Westminster,1.88616919217341,0.469824868230557
E05013796,Hyde Park,E09000033,Westminster,3.03247159728669,0.670235988065065
E05013797,Knightsbridge & Belgravia,E09000033,Westminster,2.74689353127346,0.63595239909557
E05013798,Lancaster Gate,E09000033,Westminster,3.78165575792321,0.735565565981295
E05013799,Little Venice,E09000033,Westminster,2.31379833096375,0.567810216379801
E05013800,Maida Vale,E09000033,Westminster,2.09209910189546,0.522011170936409
E05013801,Marylebone,E09000033,Westminster,3.17874105224725,0.685410046441802
E05013802,Pimlico North,E09000033,Westminster,1.96293018689548,0.490557531451704
E05013803,Pimlico South,E09000033,Westminster,1.82328647726503,0.451539836186346
E05013804,Queen's Park,E09000033,Westminster,1.61657338829986,0.38140760745066
E05013805,Regent's Park,E09000033,Westminster,2.86516875798946,0.650980418793301
E05013806,St James's,E09000033,Westminster,2.37583110778474,0.579094660086165
E05013807,Vincent Square,E09000033,Westminster,2.03282583320673,0.508073941375231
E05013808,West End,E09000033,Westminster,2.95524997253135,0.661619149210772
E05013809,Westbourne,E09000033,Westminster,1.83597594661712,0.455330554933167
E05013810,Abbey,E09000024,Merton,1.88512358450837,0.469530799880796
E05013811,Cannon Hill,E09000024,Merton,1.48871454289917,0.328279551798716
E05013812,Colliers Wood,E09000024,Merton,2.15368801751172,0.535680195149455
E05013813,Cricket Green,E09000024,Merton,1.73016191917827,0.422019413954651
E05013814,Figge's Marsh,E09000024,Merton,1.88739577452373,0.470169418890247
E05013815,Graveney,E09000024,Merton,2.11063938433088,0.526209921304476
E05013816,Hillside,E09000024,Merton,1.9877730606783,0.496924462967234
E05013817,Lavender Fields,E09000024,Merton,2.09219212350681,0.522032422947919
E05013818,Longthornton,E09000024,Merton,1.68925000154671,0.408021311774824
E05013819,Lower Morden,E09000024,Merton,1.3456589674256,0.256869664449148
E05013820,Merton Park,E09000024,Merton,1.62592028312884,0.384963696943587
E05013821,Pollards Hill,E09000024,Merton,1.53877272466696,0.350131449583349
E05013822,Ravensbury,E09000024,Merton,1.68407619718342,0.40620263995627
E05013823,Raynes Park,E09000024,Merton,1.68047334813203,0.404929568736349
E05013824,St Helier,E09000024,Merton,1.79489188838711,0.442863379978502
E05013825,Village,E09000024,Merton,1.60484504099912,0.376886880382273
E05013826,Wandle,E09000024,Merton,1.86980514982071,0.465184915072093
E05013827,West Barnes,E09000024,Merton,1.56203940564836,0.359811284924066
E05013828,Wimbledon Park,E09000024,Merton,1.61641979902465,0.381348829924378
E05013829,Wimbledon Town & Dundonald,E09000024,Merton,1.72024166512737,0.418686327466695
E05013882,Cann Hall,E09000031,Waltham Forest,2.28030577186718,0.561462321265288
E05013883,Cathall,E09000031,Waltham Forest,2.50702753638921,0.601121253961068
E05013884,Chapel End,E09000031,Waltham Forest,1.77038303496562,0.435150484245675
E05013885,Chingford Green,E09000031,Waltham Forest,1.17116276817843,0.146147719880684
E05013886,Endlebury,E09000031,Waltham Forest,1.19171888544319,0.16087593121585
E05013887,Forest,E09000031,Waltham Forest,1.79955541904888,0.444307194202148
E05013888,Grove Green,E09000031,Waltham Forest,2.62313670034605,0.61877701613184
E05013889,Hale End & Highams Park South,E09000031,Waltham Forest,1.28628385169342,0.222566621913603
E05013890,Hatch Lane & Highams Park North,E09000031,Waltham Forest,1.21502102545487,0.176968974980802
E05013891,High Street,E09000031,Waltham Forest,2.15050004281669,0.534991871615953
E05013892,Higham Hill,E09000031,Waltham Forest,1.77628058612012,0.43702587991221
E05013893,Hoe Street,E09000031,Waltham Forest,1.91078460446023,0.476654774344654
E05013894,Larkswood,E09000031,Waltham Forest,1.26084816542152,0.206883090744171
E05013895,Lea Bridge,E09000031,Waltham Forest,2.05829329270297,0.514160589481981
E05013896,Leyton,E09000031,Waltham Forest,2.12012082119028,0.528328767867778
E05013897,Leytonstone,E09000031,Waltham Forest,2.00766149549392,0.501908064559468
E05013898,Markhouse,E09000031,Waltham Forest,1.9330236157948,0.482675746002808
E05013899,St James,E09000031,Waltham Forest,1.95889108924796,0.489507096393036
E05013900,Upper Walthamstow,E09000031,Waltham Forest,1.56021695499984,0.359063496396817
E05013901,Valley,E09000031,Waltham Forest,1.26948302587093,0.212277770067898
E05013902,William Morris,E09000031,Waltham Forest,1.95189417472346,0.487677143079913
E05013903,Wood Street,E09000031,Waltham Forest,1.67851406890658,0.404234960835673
E05013904,Beckton,E09000025,Newham,2.34914626050818,0.57431343598688
E05013905,Boleyn,E09000025,Newham,2.06549251101046,0.5158539696129
E05013906,Canning Town North,E09000025,Newham,2.20750311681383,0.546999507097713
E05013907,Canning Town South,E09000025,Newham,2.21024092032678,0.547560634316664
E05013908,Custom House,E09000025,Newham,2.20267193421269,0.54600592831477
E05013909,East Ham,E09000025,Newham,2.31514387329462,0.568061401481315
E05013910,East Ham South,E09000025,Newham,2.01146927871611,0.502850970392009
E05013911,Forest Gate North,E09000025,Newham,2.07872459655436,0.518935792813742
E05013912,Forest Gate South,E09000025,Newham,2.31306076095079,0.567672403214801
E05013913,Green Street East,E09000025,Newham,2.1376485036265,0.532196243534188
E05013914,Green Street West,E09000025,Newham,2.05520752535347,0.513431131570028
E05013915,Little Ilford,E09000025,Newham,2.00093811945015,0.5002344199056
E05013916,Manor Park,E09000025,Newham,2.11310390781244,0.526762505003724
E05013917,Maryland,E09000025,Newham,2.66609412452963,0.624919468971702
E05013918,Plaistow North,E09000025,Newham,2.23129605838458,0.551829979602086
E05013919,Plaistow South,E09000025,Newham,2.2489951165111,0.555356971360918
E05013920,Plaistow West & Canning Town East,E09000025,Newham,2.32521324291238,0.569931917836715
E05013921,Plashet,E09000025,Newham,2.0180214598313,0.504465130869523
E05013922,Royal Albert,E09000025,Newham,2.57889605384446,0.612237182452833
E05013923,Royal Victoria,E09000025,Newham,3.13385616848085,0.680904308864707
E05013924,Stratford,E09000025,Newham,2.81639969334081,0.644936760089688
E05013925,Stratford Olympic Park,E09000025,Newham,,
E05013926,Wall End,E09000025,Newham,2.27160816367097,0.559783233749268
E05013927,West Ham,E09000025,Newham,2.24318916342193,0.554206120328022
E05013928,Alexandra,E09000021,Kingston upon Thames,1.3311432596333,0.248766056723695
E05013929,Berrylands,E09000021,Kingston upon Thames,1.34394612056463,0.255922551731557
E05013930,Canbury Gardens,E09000021,Kingston upon Thames,1.52457988555748,0.344081599479887
E05013931,Chessington South & Malden Rushett,E09000021,Kingston upon Thames,1.19849453692548,0.165619892965624
E05013932,Coombe Hill,E09000021,Kingston upon Thames,1.70071681852455,0.412012635432427
E05013933,Coombe Vale,E09000021,Kingston upon Thames,1.52554901621276,0.344498282669054
E05013934,Green Lane & St James,E09000021,Kingston upon Thames,1.58731030337828,0.370003459391844
E05013935,Hook & Chessington North,E09000021,Kingston upon Thames,1.26925009887366,0.212133210871988
E05013936,King George's & Sunray,E09000021,Kingston upon Thames,1.42136722257716,0.296452046933485
E05013937,Kingston Gate,E09000021,Kingston upon Thames,1.51045364448257,0.337947242768534
E05013938,Kingston Town,E09000021,Kingston upon Thames,1.66056092058792,0.397793849294038
E05013939,Motspur Park & Old Malden East,E09000021,Kingston upon Thames,1.37936287829198,0.275027611850576
E05013940,New Malden Village,E09000021,Kingston upon Thames,1.63700037728618,0.389126591615208
E05013941,Norbiton,E09000021,Kingston upon Thames,1.64178707475192,0.390907618059363
E05013942,Old Malden,E09000021,Kingston upon Thames,1.37747789199434,0.274035535661353
E05013943,St Mark's & Seething Wells,E09000021,Kingston upon Thames,1.57589522712421,0.365440047797555
E05013944,Surbiton Hill,E09000021,Kingston upon Thames,1.47028514233335,0.319859820923584
E05013945,Tolworth,E09000021,Kingston upon Thames,1.42900632483191,0.300213034314159
E05013946,Tudor,E09000021,Kingston upon Thames,1.39678664007447,0.284071044703946
E05013967,Beam Park,E09000016,Havering,1.2062310901303,0.170971459629696
E05013968,Cranham,E09000016,Havering,1.07501035955671,0.0697764062363493
E05013969,Elm Park,E09000016,Havering,1.12931445467505,0.114507039327909
E05013970,Emerson Park,E09000016,Havering,1.07386926029372,0.0687879456327059
E05013971,Gooshays,E09000016,Havering,1.1609104425785,0.138607111002549
E05013972,Hacton,E09000016,Havering,1.08281810782842,0.0764838593201174
E05013973,Harold Wood,E09000016,Havering,1.1124709936975,0.101100158417326
E05013974,Havering-atte-Bower,E09000016,Havering,1.12648763926665,0.112284977533349
E05013975,Heaton,E09000016,Havering,1.2326056496638,0.188710517209818
E05013976,Hylands & Harrow Lodge,E09000016,Havering,1.09833096439618,0.0895276265385425
E05013977,Marshalls & Rise Park,E09000016,Havering,1.10772748389604,0.0972508901892996
E05013978,Mawneys,E09000016,Havering,1.12693883064618,0.112640391114565
E05013979,Rainham & Wennington,E09000016,Havering,1.15531658235529,0.134436382829939
E05013980,Rush Green & Crowlands,E09000016,Havering,1.31203346782017,0.237824320395262
E05013981,St Alban's,E09000016,Havering,1.32481822679113,0.245179467056306
E05013982,St Andrew's,E09000016,Havering,1.10395809743959,0.094168517519553
E05013983,St Edward's,E09000016,Havering,1.27220294514679,0.213961888852085
E05013984,South Hornchurch,E09000016,Havering,1.14043878645558,0.123144519568697
E05013985,Squirrels Heath,E09000016,Havering,1.10303481443942,0.0934103013709347
E05013986,Upminster,E09000016,Havering,1.07281434425433,0.0678722694605139
E05013987,Beckenham Town & Copers Cope,E09000006,Bromley,1.31407826318243,0.23901031771258
E05013988,Bickley & Sundridge,E09000006,Bromley,1.18110604288371,0.153335971799391
E05013989,Biggin Hill,E09000006,Bromley,1.05031758102923,0.0479070158760191
E05013990,Bromley Common & Holwood,E09000006,Bromley,1.15914462769959,0.137294884431652
E05013991,Bromley Town,E09000006,Bromley,1.31108543289371,0.237273197526961
E05013992,Chelsfield,E09000006,Bromley,1.10461983958282,0.0947111719651277
E05013993,Chislehurst,E09000006,Bromley,1.13458061869273,0.118617061207862
E05013994,Clock House,E09000006,Bromley,1.24695725544345,0.198047891670215
E05013995,Crystal Palace & Anerley,E09000006,Bromley,1.6191781657998,0.382402739166109
E05013996,Darwin,E09000006,Bromley,1.07104006368042,0.0663281104875822
E05013997,Farnborough & Crofton,E09000006,Bromley,1.09904962079421,0.0901229743590934
E05013998,Hayes & Coney Hall,E09000006,Bromley,1.08446083037696,0.0778827856305371
E05013999,Kelsey & Eden Park,E09000006,Bromley,1.14491196788638,0.126570401874567
E05014000,Mottingham,E09000006,Bromley,1.21687945817653,0.178225917710471
E05014001,Orpington,E09000006,Bromley,1.1463192403939,0.127642662914412
E05014002,Penge & Cator,E09000006,Bromley,1.45151211180223,0.311063275415333
E05014003,Petts Wood & Knoll,E09000006,Bromley,1.12849526146223,0.113864245469432
E05014004,Plaistow,E09000006,Bromley,1.23066443481919,0.187430812407513
E05014005,Shortlands & Park Langley,E09000006,Bromley,1.21262112154456,0.175340110581065
E05014006,St Mary Cray,E09000006,Bromley,1.15631517663929,0.135183883942097
E05014007,St Paul's Cray,E09000006,Bromley,1.15516299751967,0.134321301714851
E05014008,West Wickham,E09000006,Bromley,1.09928305350935,0.0903161867113307
E05014009,Balham,E09000032,Wandsworth,1.44763141584759,0.309216428261542
E05014010,Battersea Park,E09000032,Wandsworth,2.01222632407417,0.503038009176179
E05014011,East Putney,E09000032,Wandsworth,1.84262153201988,0.457294955788451
E05014012,Falconbrook,E09000032,Wandsworth,1.76146688611665,0.432291343151724
E05014013,Furzedown,E09000032,Wandsworth,1.65869235021935,0.397115444664734
E05014014,Lavender,E09000032,Wandsworth,1.66047621084574,0.397763127548412
E05014015,Nine Elms,E09000032,Wandsworth,2.24209253661939,0.553988078695542
E05014016,Northcote,E09000032,Wandsworth,1.51347126601069,0.33926727090375
E05014017,Roehampton,E09000032,Wandsworth,1.86180460848597,0.462886709248611
E05014018,St Mary's,E09000032,Wandsworth,1.89385793983012,0.471977290920934
E05014019,Shaftesbury & Queenstown,E09000032,Wandsworth,1.61953179187147,0.382537592025632
E05014020,South Balham,E09000032,Wandsworth,1.43249683796657,0.301918179854761
E05014021,Southfields,E09000032,Wandsworth,1.63567221508556,0.38863056376629
E05014022,Thamesfield,E09000032,Wandsworth,1.6134956471678,0.380227643157686
E05014023,Tooting Bec,E09000032,Wandsworth,1.6802880475123,0.404863944916755
E05014024,Tooting Broadway,E09000032,Wandsworth,2.00253811786978,0.500633725232776
E05014025,Trinity,E09000032,Wandsworth,1.4469262182739,0.308879756707333
E05014026,Wandle,E09000032,Wandsworth,1.55889529450548,0.358520098479593
E05014027,Wandsworth Common,E09000032,Wandsworth,1.53952538771246,0.350449165709522
E05014028,Wandsworth Town,E09000032,Wandsworth,1.59128538292623,0.371577210015535
E05014029,West Hill,E09000032,Wandsworth,2.08771610475355,0.521007670667919
E05014030,West Putney,E09000032,Wandsworth,1.78422612616015,0.439532923916932
E05014053,Abbey,E09000002,Barking and Dagenham,2.94945003468032,0.660953741124018
E05014054,Alibon,E09000002,Barking and Dagenham,1.55934697325293,0.358705908849834
E05014055,Barking Riverside,E09000002,Barking and Dagenham,1.8127021643146,0.448337393926979
E05014056,Beam,E09000002,Barking and Dagenham,1.80501254001013,0.445987228435328
E05014057,Becontree,E09000002,Barking and Dagenham,1.64552069932714,0.392289625764716
E05014058,Chadwell Heath,E09000002,Barking and Dagenham,1.3831026603898,0.276987870359404
E05014059,Eastbrook & Rush Green,E09000002,Barking and Dagenham,1.26667051490193,0.210528714266767
E05014060,Eastbury,E09000002,Barking and Dagenham,1.71759177329259,0.417789479695155
E05014061,Gascoigne,E09000002,Barking and Dagenham,2.07338516394382,0.517696944402803
E05014062,Goresbrook,E09000002,Barking and Dagenham,1.60715037244246,0.377780687391278
E05014063,Heath,E09000002,Barking and Dagenham,1.5142969068654,0.339627522537833
E05014064,Longbridge,E09000002,Barking and Dagenham,1.44243819727432,0.306729396178195
E05014065,Mayesbrook,E09000002,Barking and Dagenham,1.59845333080493,0.374395247750879
E05014066,Northbury,E09000002,Barking and Dagenham,2.44838895924813,0.591568163129159
E05014067,Parsloes,E09000002,Barking and Dagenham,1.5482734488319,0.354119260551517
E05014068,Thames View,E09000002,Barking and Dagenham,1.78787509790678,0.440676811724271
E05014069,Valence,E09000002,Barking and Dagenham,1.47675059992431,0.322837586758892
E05014070,Village,E09000002,Barking and Dagenham,1.58237034575235,0.368036690851572
E05014071,Whalebone,E09000002,Barking and Dagenham,1.53400636556719,0.348112222708898
E05014072,Abbey Wood,E09000011,Greenwich,1.71821966575617,0.418002238054985
E05014073,Blackheath Westcombe,E09000011,Greenwich,1.3895921471429,0.280364384574226
E05014074,Charlton Hornfair,E09000011,Greenwich,1.54430362348928,0.352458943442386
E05014075,Charlton Village & Riverside,E09000011,Greenwich,1.70463186913857,0.413363073808221
E05014076,East Greenwich,E09000011,Greenwich,1.60882998089393,0.378430280467323
E05014077,Eltham Page,E09000011,Greenwich,1.40093087317954,0.286188905430851
E05014078,Eltham Park & Progress,E09000011,Greenwich,1.21179557198448,0.174778301621979
E05014079,Eltham Town & Avery Hill,E09000011,Greenwich,1.26616405110723,0.210212926890855
E05014080,Greenwich Creekside,E09000011,Greenwich,1.96201440915847,0.490319747229119
E05014081,Greenwich Park,E09000011,Greenwich,1.63088858549588,0.386837329727249
E05014082,Greenwich Peninsula,E09000011,Greenwich,2.32946856098978,0.570717537576423
E05014083,Kidbrooke Park,E09000011,Greenwich,1.44799190060528,0.309388402254193
E05014084,Kidbrooke Village & Sutcliffe,E09000011,Greenwich,1.43174997535714,0.301554030234535
E05014085,Middle Park & Horn Park,E09000011,Greenwich,1.39332015924347,0.282289864704914
E05014086,"Mottingham, Coldharbour & New Eltham",E09000011,Greenwich,1.24616031546687,0.197535030133461
E05014087,Plumstead & Glyndon,E09000011,Greenwich,2.27170171123594,0.559801361660312
E05014088,Plumstead Common,E09000011,Greenwich,1.47093270587872,0.320159245896561
E05014089,Shooters Hill,E09000011,Greenwich,1.62343099989323,0.384020632804371
E05014090,Thamesmead Moorings,E09000011,Greenwich,2.0323349487076,0.507955122930933
E05014091,West Thamesmead,E09000011,Greenwich,2.36159267787293,0.576556952699949
E05014092,Woolwich Arsenal,E09000011,Greenwich,2.30441835060663,0.566051016849109
E05014093,Woolwich Common,E09000011,Greenwich,1.99911255615437,0.499778040550318
E05014094,Woolwich Dockyard,E09000011,Greenwich,1.92082687496605,0.479390874298512
E05014095,Brixton Acre Lane,E09000022,Lambeth,1.7086018295249,0.414726132958629
E05014096,Brixton North,E09000022,Lambeth,2.02082813813235,0.50515336701309
E05014097,Brixton Rush Common,E09000022,Lambeth,1.79369184712732,0.442490636503955
E05014098,Brixton Windrush,E09000022,Lambeth,1.77474134267565,0.436537609197533
E05014099,Clapham Common & Abbeville,E09000022,Lambeth,1.64300846500134,0.39136040909005
E05014100,Clapham East,E09000022,Lambeth,1.79301512178873,0.442280219587669
E05014101,Clapham Park,E09000022,Lambeth,1.92943960620426,0.481714795951932
E05014102,Clapham Town,E09000022,Lambeth,1.7200917021581,0.418635646724326
E05014103,Gipsy Hill,E09000022,Lambeth,1.54963746245913,0.35468777425328
E05014104,Herne Hill & Loughborough Junction,E09000022,Lambeth,1.68899415294397,0.407931638924285
E05014105,Kennington,E09000022,Lambeth,1.69474573960315,0.409940986053656
E05014106,Knight's Hill,E09000022,Lambeth,1.73843162295488,0.424768862464511
E05014107,Myatt's Fields,E09000022,Lambeth,1.72495812327531,0.420275781477393
E05014108,Oval,E09000022,Lambeth,2.0091355128501,0.50227349344822
E05014109,St Martin's,E09000022,Lambeth,1.81246213573084,0.448264335962656
E05014110,Stockwell East,E09000022,Lambeth,1.78708002275744,0.440427967821489
E05014111,Stockwell West & Larkhall,E09000022,Lambeth,2.15752000326512,0.536504876670143
E05014112,Streatham Common & Vale,E09000022,Lambeth,1.90798147620238,0.475885896968777
E05014113,Streatham Hill East,E09000022,Lambeth,1.89675581573181,0.472784007458453
E05014114,Streatham Hill West & Thornton,E09000022,Lambeth,1.52611297898421,0.344740518054173
E05014115,Streatham St Leonard's,E09000022,Lambeth,1.99942311068644,0.499855736059448
E05014116,Streatham Wells,E09000022,Lambeth,2.01187749791652,0.502951844217359
E05014117,Vauxhall,E09000022,Lambeth,2.08097766996053,0.519456640772621
E05014118,Waterloo & South Bank,E09000022,Lambeth,1.97719035359926,0.494231803134378
E05014119,West Dulwich,E09000022,Lambeth,1.4946997770571,0.330969325513052
E09000001,City of London,E09000001,City of London,1.76731632739282,0.434170338099451
