gss_code_ward,ward_name,lad22cd,lad22nm,Simpson's 2021,Simpson's standardised 2021
E05009317,Bethnal Green,E09000030,Tower Hamlets,2.54245898960798,0.60667998811883
E05009318,Blackwall & Cubitt Town,E09000030,Tower Hamlets,3.70839579097899,0.730341620375961
E05009319,Bow East,E09000030,Tower Hamlets,2.29730560592337,0.564707456673765
E05009320,Bow West,E09000030,Tower Hamlets,2.22031036474044,0.54961251549312
E05009321,Bromley North,E09000030,Tower Hamlets,2.63109361679749,0.619929905338307
E05009322,Bromley South,E09000030,Tower Hamlets,2.72127458746003,0.632525139282848
E05009323,Canary Wharf,E09000030,Tower Hamlets,3.93302819324015,0.745742987116457
E05009324,Island Gardens,E09000030,Tower Hamlets,3.19534016652933,0.687044274511103
E05009325,Lansbury,E09000030,Tower Hamlets,2.78259422986441,0.640623131728147
E05009326,Limehouse,E09000030,Tower Hamlets,3.33710077240357,0.700338686721845
E05009327,Mile End,E09000030,Tower Hamlets,2.75972926773569,0.637645615571385
E05009328,Poplar,E09000030,Tower Hamlets,2.86405029099785,0.650844119901403
E05009329,St Dunstan's,E09000030,Tower Hamlets,2.50229432004801,0.600366754626684
E05009330,St Katharine's & Wapping,E09000030,Tower Hamlets,3.04886845224559,0.672009463293351
E05009331,St Peter's,E09000030,Tower Hamlets,2.71559995730766,0.631757248592891
E05009332,Shadwell,E09000030,Tower Hamlets,2.71254492196931,0.631342510901533
E05009333,Spitalfields & Banglatown,E09000030,Tower Hamlets,3.28461276938377,0.695550108883121
E05009334,Stepney Green,E09000030,Tower Hamlets,2.65275937405534,0.623034034002385
E05009335,Weavers,E09000030,Tower Hamlets,2.74038986923233,0.635088418904376
E05009336,Whitechapel,E09000030,Tower Hamlets,3.37755778185056,0.703928085146747
E05009367,Brownswood,E09000012,Hackney,2.66537540922928,0.624818328953833
E05009368,Cazenove,E09000012,Hackney,2.26663894049607,0.558818132816009
E05009369,Clissold,E09000012,Hackney,2.19567185119752,0.544558537080758
E05009370,Dalston,E09000012,Hackney,2.77541381786331,0.639693369844982
E05009371,De Beauvoir,E09000012,Hackney,2.65592506338327,0.623483352829939
E05009372,Hackney Central,E09000012,Hackney,2.64710307275597,0.622228537191461
E05009373,Hackney Downs,E09000012,Hackney,2.50350306885836,0.600559706740835
E05009374,Hackney Wick,E09000012,Hackney,2.22888568885468,0.551345317976422
E05009375,Haggerston,E09000012,Hackney,2.99425992449421,0.666027657846397
E05009376,Homerton,E09000012,Hackney,2.64523359063011,0.621961552453372
E05009377,Hoxton East & Shoreditch,E09000012,Hackney,3.56759405244857,0.719699050593029
E05009378,Hoxton West,E09000012,Hackney,3.54482133467401,0.71789833518028
E05009379,King's Park,E09000012,Hackney,2.5036736811786,0.600586926516217
E05009380,Lea Bridge,E09000012,Hackney,2.36072467772085,0.576401259563463
E05009381,London Fields,E09000012,Hackney,2.58378928519971,0.612971535361598
E05009382,Shacklewell,E09000012,Hackney,2.80076400942611,0.642954566455991
E05009383,Springfield,E09000012,Hackney,2.17236740531368,0.539672710263481
E05009384,Stamford Hill West,E09000012,Hackney,2.00791663610243,0.501971355772469
E05009385,Stoke Newington,E09000012,Hackney,2.29297887002983,0.56388608152024
E05009386,Victoria,E09000012,Hackney,2.34090864316116,0.572815452272584
E05009387,Woodberry Down,E09000012,Hackney,3.06690478841807,0.673938361641866
E05009388,Abingdon,E09000020,Kensington and Chelsea,4.44123279596927,0.774837292720262
E05009389,Brompton & Hans Town,E09000020,Kensington and Chelsea,4.22528525236731,0.763329588353892
E05009390,Campden,E09000020,Kensington and Chelsea,4.00896064932574,0.750558788805226
E05009391,Chelsea Riverside,E09000020,Kensington and Chelsea,3.10526138457348,0.677965917791054
E05009392,Colville,E09000020,Kensington and Chelsea,3.14964464947262,0.682503865898827
E05009393,Courtfield,E09000020,Kensington and Chelsea,4.50751528281896,0.778148284086436
E05009394,Dalgarno,E09000020,Kensington and Chelsea,2.55380798564318,0.608427882745402
E05009395,Earl's Court,E09000020,Kensington and Chelsea,4.52652715462368,0.77908008372853
E05009396,Golborne,E09000020,Kensington and Chelsea,3.06625729086586,0.673869507631039
E05009397,Holland,E09000020,Kensington and Chelsea,4.35849326420479,0.770562912598088
E05009398,Norland,E09000020,Kensington and Chelsea,2.86743328356873,0.65125605337348
E05009399,Notting Dale,E09000020,Kensington and Chelsea,2.73443541016903,0.634293793782394
E05009400,Pembridge,E09000020,Kensington and Chelsea,3.91607042011442,0.744641977104492
E05009401,Queen's Gate,E09000020,Kensington and Chelsea,4.58716145362374,0.782000260921702
E05009402,Redcliffe,E09000020,Kensington and Chelsea,3.98042126473458,0.748770310102672
E05009403,Royal Hospital,E09000020,Kensington and Chelsea,3.56064190363314,0.719151763343671
E05009404,St Helen's,E09000020,Kensington and Chelsea,2.45750375295727,0.593083022234804
E05009405,Stanley,E09000020,Kensington and Chelsea,3.45925437503616,0.710920362718469
E05011095,Borough & Bankside,E09000028,Southwark,3.21311928962943,0.688775949518099
E05011096,Camberwell Green,E09000028,Southwark,2.8711597580453,0.651708687683473
E05011097,Champion Hill,E09000028,Southwark,2.37417900694983,0.578801768075304
E05011098,Chaucer,E09000028,Southwark,3.12681858376981,0.680186114669191
E05011099,Dulwich Hill,E09000028,Southwark,1.83185791121784,0.4541061324264
E05011100,Dulwich Village,E09000028,Southwark,1.64572380208412,0.392364624772628
E05011101,Dulwich Wood,E09000028,Southwark,2.09323110525963,0.522269663637562
E05011102,Faraday,E09000028,Southwark,3.12285261306799,0.679779956372143
E05011103,Goose Green,E09000028,Southwark,1.78919906130128,0.441090697156581
E05011104,London Bridge & West Bermondsey,E09000028,Southwark,2.97525520301659,0.663894378207924
E05011105,Newington,E09000028,Southwark,2.67696341605144,0.626442410828679
E05011106,North Bermondsey,E09000028,Southwark,2.80216414107281,0.643132968071902
E05011107,North Walworth,E09000028,Southwark,3.2772973655888,0.694870532500386
E05011108,Nunhead & Queen's Road,E09000028,Southwark,2.18019274733328,0.541324957977612
E05011109,Old Kent Road,E09000028,Southwark,3.08394368896676,0.675739864000228
E05011110,Peckham,E09000028,Southwark,2.74028478415135,0.635074425189828
E05011111,Peckham Rye,E09000028,Southwark,1.77700645587406,0.437255842996851
E05011112,Rotherhithe,E09000028,Southwark,3.14481970868846,0.682016747339374
E05011113,Rye Lane,E09000028,Southwark,2.16170917387959,0.537403082670315
E05011114,St George's,E09000028,Southwark,2.99353671860021,0.665946973762993
E05011115,St Giles,E09000028,Southwark,2.49009077127119,0.598408214054983
E05011116,South Bermondsey,E09000028,Southwark,2.72604009720929,0.633167538135729
E05011117,Surrey Docks,E09000028,Southwark,3.04153455586999,0.671218596523898
E05011217,Barnehurst,E09000004,Bexley,1.40366282659444,0.287578198229989
E05011218,Belvedere,E09000004,Bexley,2.10688151859793,0.525364862156334
E05011219,Bexleyheath,E09000004,Bexley,1.47849034911968,0.323634408168158
E05011220,Blackfen & Lamorbey,E09000004,Bexley,1.28714353243811,0.223085868204771
E05011221,Blendon & Penhill,E09000004,Bexley,1.26671830895111,0.210558501496646
E05011222,Crayford,E09000004,Bexley,1.46795494552347,0.318780182559755
E05011223,Crook Log,E09000004,Bexley,1.51201955281512,0.338632891262436
E05011224,East Wickham,E09000004,Bexley,1.67114667267891,0.401608478568213
E05011225,Erith,E09000004,Bexley,1.96045637780049,0.489914689597972
E05011226,Falconwood & Welling,E09000004,Bexley,1.6337166921563,0.387898768004798
E05011227,Longlands,E09000004,Bexley,1.30244010132013,0.232210372679392
E05011228,Northumberland Heath,E09000004,Bexley,1.46762261231044,0.318625924940112
E05011229,St Mary's & St James,E09000004,Bexley,1.29925632048464,0.230328931840803
E05011230,Sidcup,E09000004,Bexley,1.38383270992137,0.277369299894045
E05011231,Slade Green & Northend,E09000004,Bexley,1.90253420408718,0.474385271049678
E05011232,Thamesmead East,E09000004,Bexley,2.53874444041132,0.606104504225726
E05011233,West Heath,E09000004,Bexley,1.45642430490135,0.313386904740143
E05011234,Aldborough,E09000026,Redbridge,2.92746940657161,0.658408044246272
E05011235,Barkingside,E09000026,Redbridge,2.79425922457163,0.642123396710517
E05011236,Bridge,E09000026,Redbridge,1.92277101818114,0.4799172701563
E05011237,Chadwell,E09000026,Redbridge,2.52705013462464,0.604281693386928
E05011238,Churchfields,E09000026,Redbridge,2.00254211059949,0.500634720884527
E05011239,Clayhall,E09000026,Redbridge,2.51722584964674,0.602737275187152
E05011240,Clementswood,E09000026,Redbridge,3.02913208871165,0.66987243516828
E05011241,Cranbrook,E09000026,Redbridge,2.74366104577691,0.635523490943163
E05011242,Fairlop,E09000026,Redbridge,2.51856987564766,0.602949273050109
E05011243,Fullwell,E09000026,Redbridge,2.45457284599384,0.592597138996253
E05011244,Goodmayes,E09000026,Redbridge,2.97646867204655,0.664031404263891
E05011245,Hainault,E09000026,Redbridge,2.25497904620012,0.556536899229681
E05011246,Ilford Town,E09000026,Redbridge,3.33416069680418,0.700074444234644
E05011247,Loxford,E09000026,Redbridge,3.29894492844598,0.696872781543806
E05011248,Mayfield,E09000026,Redbridge,2.57641300968001,0.611863472105274
E05011249,Monkhams,E09000026,Redbridge,1.76760119804974,0.434261528503525
E05011250,Newbury,E09000026,Redbridge,2.98293409767638,0.664759606731181
E05011251,Seven Kings,E09000026,Redbridge,3.04609432894976,0.671710757445656
E05011252,South Woodford,E09000026,Redbridge,2.10377659808201,0.524664357940055
E05011253,Valentines,E09000026,Redbridge,3.14870573448199,0.682409191481809
E05011254,Wanstead Park,E09000026,Redbridge,1.78793019600954,0.440694048217382
E05011255,Wanstead Village,E09000026,Redbridge,1.94622634237895,0.486185148034909
E05011462,Addiscombe East,E09000008,Croydon,2.12986638134539,0.530486978545423
E05011463,Addiscombe West,E09000008,Croydon,2.73739188630663,0.634688768896284
E05011464,Bensham Manor,E09000008,Croydon,3.22104313458475,0.689541568300383
E05011465,Broad Green,E09000008,Croydon,3.18294373472597,0.68582542346257
E05011466,Coulsdon Town,E09000008,Croydon,1.57971191057237,0.366973184599417
E05011467,Crystal Palace & Upper Norwood,E09000008,Croydon,2.05736638538842,0.513941703771346
E05011468,Fairfield,E09000008,Croydon,3.45294968785344,0.71039253670051
E05011469,Kenley,E09000008,Croydon,1.54907289413696,0.354452586585906
E05011470,New Addington North,E09000008,Croydon,1.77756742788563,0.437433436103476
E05011471,New Addington South,E09000008,Croydon,1.59681057340569,0.373751641769763
E05011472,Norbury & Pollards Hill,E09000008,Croydon,3.08366286528419,0.67571033420742
E05011473,Norbury Park,E09000008,Croydon,2.65504264583722,0.623358215519484
E05011474,Old Coulsdon,E09000008,Croydon,1.38209726557309,0.276461921379068
E05011475,Park Hill & Whitgift,E09000008,Croydon,2.99494631982319,0.666104199136686
E05011476,Purley & Woodcote,E09000008,Croydon,1.89447441379279,0.472149112851847
E05011477,Purley Oaks & Riddlesdown,E09000008,Croydon,1.85724137804762,0.461567025255907
E05011478,Sanderstead,E09000008,Croydon,1.48178933643707,0.325140237272542
E05011479,Selhurst,E09000008,Croydon,2.81648226667819,0.644947169797232
E05011480,Selsdon & Addington Village,E09000008,Croydon,1.72837534526962,0.421421971369301
E05011481,Selsdon Vale & Forestdale,E09000008,Croydon,1.51116386080647,0.338258394118606
E05011482,Shirley North,E09000008,Croydon,1.72729872998519,0.421061347038346
E05011483,Shirley South,E09000008,Croydon,1.73293791558554,0.42294528210948
E05011484,South Croydon,E09000008,Croydon,2.21867426487324,0.54928038972087
E05011485,South Norwood,E09000008,Croydon,2.46358448155105,0.594087392785325
E05011486,Thornton Heath,E09000008,Croydon,2.75726294607152,0.63732149615082
E05011487,Waddon,E09000008,Croydon,2.41726250352499,0.58630889341073
E05011488,West Thornton,E09000008,Croydon,3.1978664909063,0.687291510498116
E05011489,Woodside,E09000008,Croydon,2.17767565345694,0.540794792643911
E05013496,Alperton,E09000005,Brent,3.3365252470859,0.700286997416431
E05013497,Barnhill,E09000005,Brent,3.80585372920052,0.737246864658126
E05013498,Brondesbury Park,E09000005,Brent,3.23517413885903,0.69089762804772
E05013499,Cricklewood & Mapesbury,E09000005,Brent,3.70472987288176,0.730074787012166
E05013500,Dollis Hill,E09000005,Brent,3.87548625357259,0.74196786298025
E05013501,Harlesden & Kensal Green,E09000005,Brent,3.27159069599249,0.694338292004271
E05013502,Kenton,E09000005,Brent,3.65380099990655,0.726312407264223
E05013503,Kilburn,E09000005,Brent,3.28890535167351,0.695947467904127
E05013504,Kingsbury,E09000005,Brent,3.78638084497786,0.735895558069292
E05013505,Northwick Park,E09000005,Brent,3.48536084132788,0.713085661564094
E05013506,Preston,E09000005,Brent,4.01951537393703,0.751213788984586
E05013507,Queens Park,E09000005,Brent,2.58840476366009,0.613661659861123
E05013508,Queensbury,E09000005,Brent,3.93216761571097,0.745687341504848
E05013509,Roundwood,E09000005,Brent,3.48041651410477,0.712678067137255
E05013510,Stonebridge,E09000005,Brent,3.14323595566646,0.681856528079843
E05013511,Sudbury,E09000005,Brent,3.68070449594261,0.728312881106772
E05013512,Tokyngton,E09000005,Brent,3.85782063053588,0.740786289521944
E05013513,Welsh Harp,E09000005,Brent,3.95529636495095,0.74717444466076
E05013514,Wembley Central,E09000005,Brent,2.83459170541075,0.64721550617284
E05013515,Wembley Hill,E09000005,Brent,3.79313042973677,0.736365511673324
E05013516,Wembley Park,E09000005,Brent,3.86823906769299,0.741484437104246
E05013517,Willesden Green,E09000005,Brent,3.76106888066404,0.734118137229264
E05013518,Central Greenford,E09000009,Ealing,3.55968268207633,0.719076083653414
E05013519,Dormers Wells,E09000009,Ealing,2.97878061670323,0.664292162238268
E05013520,Ealing Broadway,E09000009,Ealing,3.41514749829402,0.707186878312128
E05013521,Ealing Common,E09000009,Ealing,3.00046488898837,0.666718312995437
E05013522,East Acton,E09000009,Ealing,3.71412406491457,0.73075751307112
E05013523,Greenford Broadway,E09000009,Ealing,3.07639532694601,0.674944246845961
E05013524,Hanger Hill,E09000009,Ealing,3.51780918048321,0.715732164908774
E05013525,Hanwell Broadway,E09000009,Ealing,2.66675042149289,0.625011777652524
E05013526,Lady Margaret,E09000009,Ealing,2.91935037142672,0.657458039368091
E05013527,North Acton,E09000009,Ealing,3.69386559916607,0.72928089202115
E05013528,North Greenford,E09000009,Ealing,3.59152034409815,0.721566382982273
E05013529,North Hanwell,E09000009,Ealing,2.69495516699204,0.628936313209194
E05013530,Northfield,E09000009,Ealing,2.40644706646534,0.584449617057719
E05013531,Northolt Mandeville,E09000009,Ealing,3.18477248831601,0.686005828149827
E05013532,Northolt West End,E09000009,Ealing,2.90102991314755,0.655294833235614
E05013533,Norwood Green,E09000009,Ealing,2.87402565063347,0.652055993383501
E05013534,Perivale,E09000009,Ealing,3.72280107040557,0.731385056282081
E05013535,Pitshanger,E09000009,Ealing,2.68437411120656,0.627473683409007
E05013536,South Acton,E09000009,Ealing,3.34929402346823,0.701429616810861
E05013537,Southall Broadway,E09000009,Ealing,2.33183929101028,0.571153979669522
E05013538,Southall Green,E09000009,Ealing,2.3847673628096,0.580671886241409
E05013539,Southall West,E09000009,Ealing,2.44563275267435,0.591107864046031
E05013540,Southfield,E09000009,Ealing,2.67780770708507,0.626560190504287
E05013541,Walpole,E09000009,Ealing,2.58564728777038,0.613249647494532
E05013542,Belmont,E09000015,Harrow,2.87076966604939,0.65166136042668
E05013543,Canons,E09000015,Harrow,2.83122061289806,0.64679545089339
E05013544,Centenary,E09000015,Harrow,3.54419380586703,0.717848386748882
E05013545,Edgware,E09000015,Harrow,3.98666637689217,0.749163861366409
E05013546,Greenhill,E09000015,Harrow,3.80452003947468,0.737154755494972
E05013547,Harrow on the Hill,E09000015,Harrow,3.07619489110423,0.67492306716593
E05013548,Harrow Weald,E09000015,Harrow,2.92679504527154,0.65832933822422
E05013549,Hatch End,E09000015,Harrow,2.50382630281731,0.600611272884705
E05013550,Headstone,E09000015,Harrow,2.97072586190091,0.663381932064199
E05013551,Kenton East,E09000015,Harrow,3.83431664636021,0.739197334954257
E05013552,Kenton West,E09000015,Harrow,3.44762392573385,0.70994516178642
E05013553,Marlborough,E09000015,Harrow,3.70227804385357,0.729896029375705
E05013554,North Harrow,E09000015,Harrow,3.26769169458134,0.693973577232438
E05013555,Pinner,E09000015,Harrow,2.39833964773851,0.583044878175224
E05013556,Pinner South,E09000015,Harrow,2.38980618241679,0.581556024351435
E05013557,Rayners Lane,E09000015,Harrow,3.17267147712886,0.684808210617206
E05013558,Roxbourne,E09000015,Harrow,2.99500792891775,0.666111067571914
E05013559,Roxeth,E09000015,Harrow,3.39053137475292,0.705060980279861
E05013560,Stanmore,E09000015,Harrow,2.70638660031333,0.630503639101588
E05013561,Wealdstone North,E09000015,Harrow,3.29859301407649,0.69684044205133
E05013562,Wealdstone South,E09000015,Harrow,3.83824297704316,0.739464123042475
E05013563,West Harrow,E09000015,Harrow,3.20070808400018,0.687569133530535
E05013564,Belmore,E09000017,Hillingdon,2.86204878794667,0.650599946370086
E05013565,Charville,E09000017,Hillingdon,2.41073743547327,0.585189168556764
E05013566,Colham & Cowley,E09000017,Hillingdon,2.27938838293346,0.561285822334038
E05013567,Eastcote,E09000017,Hillingdon,1.79701006964126,0.443520091014498
E05013568,Harefield Village,E09000017,Hillingdon,1.44751285056926,0.309159846417437
E05013569,Hayes Town,E09000017,Hillingdon,3.09129563390999,0.676511043126871
E05013570,Heathrow Villages,E09000017,Hillingdon,3.16484084565134,0.684028344940614
E05013571,Hillingdon East,E09000017,Hillingdon,2.03646315592696,0.508952569512696
E05013572,Hillingdon West,E09000017,Hillingdon,2.37859791436797,0.579584260980185
E05013573,Ickenham & South Harefield,E09000017,Hillingdon,1.63766536972079,0.389374643630344
E05013574,Northwood,E09000017,Hillingdon,2.41140588179594,0.585304154912639
E05013575,Northwood Hills,E09000017,Hillingdon,2.36401002192149,0.57698994897357
E05013576,Pinkwell,E09000017,Hillingdon,2.79520592591213,0.642244605046879
E05013577,Ruislip,E09000017,Hillingdon,1.62103421295572,0.38310987392632
E05013578,Ruislip Manor,E09000017,Hillingdon,1.72689636324127,0.420926454368653
E05013579,South Ruislip,E09000017,Hillingdon,1.96101841721679,0.49006088304909
E05013580,Uxbridge,E09000017,Hillingdon,2.41305609697474,0.585587752703426
E05013581,West Drayton,E09000017,Hillingdon,2.42132131795863,0.587002355869448
E05013582,Wood End,E09000017,Hillingdon,2.68207182198918,0.627153906990328
E05013583,Yeading,E09000017,Hillingdon,2.6634408354779,0.624545818071244
E05013584,Yiewsley,E09000017,Hillingdon,2.4029846682809,0.583850861305994
E05013585,Alexandra Park,E09000014,Haringey,1.88378151764406,0.469152876470172
E05013586,Bounds Green,E09000014,Haringey,3.25932567906398,0.693188070641905
E05013587,Bruce Castle,E09000014,Haringey,3.62364564677888,0.724034826393989
E05013588,Crouch End,E09000014,Haringey,2.11148682223989,0.526400075308456
E05013589,Fortis Green,E09000014,Haringey,2.05064047475865,0.512347477625158
E05013590,Harringay,E09000014,Haringey,3.56740122509793,0.719683899594851
E05013591,Hermitage & Gardens,E09000014,Haringey,3.66933182724134,0.727470818371906
E05013592,Highgate,E09000014,Haringey,2.22065285165312,0.549681977867198
E05013593,Hornsey,E09000014,Haringey,2.14196396377674,0.533138737667282
E05013594,Muswell Hill,E09000014,Haringey,2.18681613449633,0.542714184230983
E05013595,Noel Park,E09000014,Haringey,4.10570188546138,0.756436285951233
E05013596,Northumberland Park,E09000014,Haringey,3.8823389220735,0.7424233123197
E05013597,St Ann's,E09000014,Haringey,3.63940669284826,0.725229938724605
E05013598,Seven Sisters,E09000014,Haringey,3.56824062704489,0.719749841863056
E05013599,South Tottenham,E09000014,Haringey,3.1979785683426,0.687302469785385
E05013600,Stroud Green,E09000014,Haringey,2.09245327283051,0.522092075849666
E05013601,Tottenham Central,E09000014,Haringey,3.94913367198626,0.746779905908569
E05013602,Tottenham Hale,E09000014,Haringey,3.97439485635525,0.748389368408891
E05013603,West Green,E09000014,Haringey,3.83876266819676,0.739499394353091
E05013604,White Hart Lane,E09000014,Haringey,3.44304280699368,0.709559231163566
E05013605,Woodside,E09000014,Haringey,4.18558992499129,0.761085051827651
E05013606,Bedfont,E09000018,Hounslow,2.57900833417806,0.612254064189093
E05013607,Brentford East,E09000018,Hounslow,2.97433531856761,0.663790429492804
E05013608,Brentford West,E09000018,Hounslow,2.50854816031566,0.601363045039499
E05013609,Chiswick Gunnersbury,E09000018,Hounslow,3.02192384482467,0.669084976541485
E05013610,Chiswick Homefields,E09000018,Hounslow,2.48583605378412,0.597720855935882
E05013611,Chiswick Riverside,E09000018,Hounslow,2.45256145540114,0.592263020444297
E05013612,Cranford,E09000018,Hounslow,3.10275521405819,0.677705803065248
E05013613,Feltham North,E09000018,Hounslow,2.74722503851724,0.635996328666351
E05013614,Feltham West,E09000018,Hounslow,2.5769709190644,0.61194750293765
E05013615,Hanworth Park,E09000018,Hounslow,2.50779331672743,0.601243055665783
E05013616,Hanworth Village,E09000018,Hounslow,2.38242140191359,0.580258975512565
E05013617,Heston Central,E09000018,Hounslow,3.00552950762992,0.667279926062488
E05013618,Heston East,E09000018,Hounslow,3.13466345961158,0.680986487741203
E05013619,Heston West,E09000018,Hounslow,2.86203555598872,0.650598330999931
E05013620,Hounslow Central,E09000018,Hounslow,3.17637057239863,0.68517527246676
E05013621,Hounslow East,E09000018,Hounslow,3.4931176226435,0.713722780613604
E05013622,Hounslow Heath,E09000018,Hounslow,3.37508324494046,0.703711011721241
E05013623,Hounslow South,E09000018,Hounslow,2.73560769919164,0.63445050973665
E05013624,Hounslow West,E09000018,Hounslow,3.06957028727964,0.674221501249208
E05013625,Isleworth,E09000018,Hounslow,2.45300370693002,0.592336531259662
E05013626,Osterley & Spring Grove,E09000018,Hounslow,3.13580349987647,0.681102467026587
E05013627,Syon & Brentford Lock,E09000018,Hounslow,2.74468516637017,0.635659487560646
E05013628,Barnet Vale,E09000003,Barnet,2.05524065832107,0.513438975649255
E05013629,Brunswick Park,E09000003,Barnet,2.29968522229014,0.565157878866504
E05013630,Burnt Oak,E09000003,Barnet,3.32500143339872,0.699248249954037
E05013631,Childs Hill,E09000003,Barnet,3.41959709111882,0.707567887866924
E05013632,Colindale North,E09000003,Barnet,3.54656504417296,0.718037033708712
E05013633,Colindale South,E09000003,Barnet,4.01214189721154,0.750756572020794
E05013634,Cricklewood,E09000003,Barnet,3.663124887859,0.727009034468253
E05013635,East Barnet,E09000003,Barnet,2.0118227907997,0.502938328080825
E05013636,East Finchley,E09000003,Barnet,2.47492343699665,0.595947096766148
E05013637,Edgware,E09000003,Barnet,2.60595802045204,0.61626396428806
E05013638,Edgwarebury,E09000003,Barnet,2.38695667874774,0.581056493859525
E05013639,Finchley Church End,E09000003,Barnet,2.72238030980804,0.632674392921056
E05013640,Friern Barnet,E09000003,Barnet,2.67002768038383,0.625472047594562
E05013641,Garden Suburb,E09000003,Barnet,2.31367882977232,0.567787893837277
E05013642,Golders Green,E09000003,Barnet,2.74109564716625,0.635182376421706
E05013643,Hendon,E09000003,Barnet,3.22909419234957,0.690315630194617
E05013644,High Barnet,E09000003,Barnet,1.88781070881947,0.470285873828238
E05013645,Mill Hill,E09000003,Barnet,2.41497519823816,0.585917072469503
E05013646,Totteridge & Woodside,E09000003,Barnet,2.48681933884121,0.597879916574088
E05013647,Underhill,E09000003,Barnet,2.12101948239107,0.528528611687867
E05013648,West Finchley,E09000003,Barnet,3.15023580594475,0.682563445532262
E05013649,West Hendon,E09000003,Barnet,4.14972561405856,0.75902021169492
E05013650,Whetstone,E09000003,Barnet,2.30759472878655,0.566648342741774
E05013651,Woodhouse,E09000003,Barnet,2.93523277529276,0.659311517499575
E05013652,Belsize,E09000007,Camden,3.58612244198717,0.721147279219537
E05013653,Bloomsbury,E09000007,Camden,3.70505430417693,0.7300984228834
E05013654,Camden Square,E09000007,Camden,2.56292851264834,0.609821344971236
E05013655,Camden Town,E09000007,Camden,2.88483691099877,0.653359953837465
E05013656,Fortune Green,E09000007,Camden,3.01349289441605,0.668159164452326
E05013657,Frognal,E09000007,Camden,3.43678524907003,0.709030408498584
E05013658,Gospel Oak,E09000007,Camden,2.45695131321182,0.592991527905873
E05013659,Hampstead Town,E09000007,Camden,2.79348626191812,0.642024371613211
E05013660,Haverstock,E09000007,Camden,2.53390392879079,0.605352046445892
E05013661,Highgate,E09000007,Camden,1.91537347613064,0.477908610272625
E05013662,Holborn & Covent Garden,E09000007,Camden,3.14879302202773,0.682417995401924
E05013663,Kentish Town North,E09000007,Camden,2.17528612297896,0.540290360226018
E05013664,Kentish Town South,E09000007,Camden,2.45048547977059,0.591917598265624
E05013665,Kilburn,E09000007,Camden,3.40221989920518,0.70607426044577
E05013666,King's Cross,E09000007,Camden,3.4952500636384,0.713897437438555
E05013667,Primrose Hill,E09000007,Camden,3.12152925911076,0.679644200969344
E05013668,Regent's Park,E09000007,Camden,2.96706201088516,0.662966262136978
E05013669,St Pancras & Somers Town,E09000007,Camden,2.75650484503767,0.637221751378299
E05013670,South Hampstead,E09000007,Camden,3.45842584894766,0.710851108661392
E05013671,West Hampstead,E09000007,Camden,3.09750597285822,0.677159621720681
E05013672,Arnos Grove,E09000010,Enfield,2.57923240217363,0.61228774919342
E05013673,Bowes,E09000010,Enfield,4.23298660665418,0.763760178586906
E05013674,Brimsdown,E09000010,Enfield,2.67727237272601,0.626485519296717
E05013675,Bullsmoor,E09000010,Enfield,2.33711334702311,0.572121736725459
E05013676,Bush Hill Park,E09000010,Enfield,2.01402778402768,0.503482519987789
E05013677,Carterhatch,E09000010,Enfield,2.46002233940083,0.593499626412514
E05013678,Cockfosters,E09000010,Enfield,2.23693718575725,0.552960178601762
E05013679,Edmonton Green,E09000010,Enfield,3.39548088556267,0.70549090579425
E05013680,Enfield Lock,E09000010,Enfield,2.59253734996201,0.614277495360036
E05013681,Grange Park,E09000010,Enfield,1.89962300414108,0.473579758815275
E05013682,Haselbury,E09000010,Enfield,3.57864459205714,0.720564595260587
E05013683,Highfield,E09000010,Enfield,2.90094707400293,0.655284989870522
E05013684,Jubilee,E09000010,Enfield,3.16524499454805,0.684068689241294
E05013685,Lower Edmonton,E09000010,Enfield,3.44931749335475,0.710087574737164
E05013686,New Southgate,E09000010,Enfield,3.20715195572399,0.688196875668694
E05013687,Oakwood,E09000010,Enfield,2.16018709024106,0.537077133495688
E05013688,Palmers Green,E09000010,Enfield,2.97475603124851,0.663837978813913
E05013689,Ponders End,E09000010,Enfield,3.22750608519702,0.690163248773873
E05013690,Ridgeway,E09000010,Enfield,1.78587181947787,0.440049398230401
E05013691,Southbury,E09000010,Enfield,2.20025335364451,0.545506885221379
E05013692,Southgate,E09000010,Enfield,2.70044574555811,0.629690764332195
E05013693,Town,E09000010,Enfield,1.77237583737182,0.435785582880177
E05013694,Upper Edmonton,E09000010,Enfield,3.60170379984866,0.722353626069412
E05013695,Whitewebbs,E09000010,Enfield,1.69517502634078,0.410090412812056
E05013696,Winchmore Hill,E09000010,Enfield,2.0419539782567,0.510272997996878
E05013697,Arsenal,E09000019,Islington,2.45920910302204,0.593365200717932
E05013698,Barnsbury,E09000019,Islington,2.42103112657492,0.586952852847158
E05013699,Bunhill,E09000019,Islington,3.18155617008913,0.685688403240737
E05013700,Caledonian,E09000019,Islington,3.12586601618344,0.680088655488516
E05013701,Canonbury,E09000019,Islington,2.32068161309263,0.569092117437273
E05013702,Clerkenwell,E09000019,Islington,2.76825704688818,0.638761869630528
E05013703,Finsbury Park,E09000019,Islington,2.86186189904412,0.650577129408653
E05013704,Highbury,E09000019,Islington,2.33174486366679,0.571136612936525
E05013705,Hillrise,E09000019,Islington,2.28403836735322,0.562178983377229
E05013706,Holloway,E09000019,Islington,2.88790537288813,0.653728266380169
E05013707,Junction,E09000019,Islington,2.48193365967608,0.597088344363519
E05013708,Laycock,E09000019,Islington,2.40761949314722,0.58465197559403
E05013709,Mildmay,E09000019,Islington,2.31803383359836,0.568599911914285
E05013710,St Mary's & St James',E09000019,Islington,2.58324508797036,0.612890002324288
E05013711,St Peter's & Canalside,E09000019,Islington,2.79967152966785,0.642815241215588
E05013712,Tollington,E09000019,Islington,2.50273296106883,0.600436796272131
E05013713,Tufnell Park,E09000019,Islington,2.42006372179268,0.586787739928087
E05013714,Bellingham,E09000023,Lewisham,2.27505456647572,0.5604501031599
E05013715,Blackheath,E09000023,Lewisham,2.14914917833551,0.534699587129411
E05013716,Brockley,E09000023,Lewisham,2.29952567458527,0.565127708269509
E05013717,Catford South,E09000023,Lewisham,2.26568028869641,0.558631460498178
E05013718,Crofton Park,E09000023,Lewisham,1.85175109129726,0.459970616623512
E05013719,Deptford,E09000023,Lewisham,2.94734893981099,0.660712043120308
E05013720,Downham,E09000023,Lewisham,2.13465047798749,0.531539233091321
E05013721,Evelyn,E09000023,Lewisham,3.30873550296628,0.697769737380489
E05013722,Forest Hill,E09000023,Lewisham,1.98609232096727,0.496498732992946
E05013723,Grove Park,E09000023,Lewisham,2.10575821570007,0.525111671157581
E05013724,Hither Green,E09000023,Lewisham,2.34262667269402,0.573128739779097
E05013725,Ladywell,E09000023,Lewisham,2.14881296354264,0.534626783733028
E05013726,Lee Green,E09000023,Lewisham,2.03450944195737,0.508481022807192
E05013727,Lewisham Central,E09000023,Lewisham,3.54786380691547,0.718140251592858
E05013728,New Cross Gate,E09000023,Lewisham,2.71791688157949,0.632071162007405
E05013729,Perry Vale,E09000023,Lewisham,1.90658543383453,0.475502129485592
E05013730,Rushey Green,E09000023,Lewisham,2.67517942215742,0.626193296899113
E05013731,Sydenham,E09000023,Lewisham,1.99817901145376,0.499544337985785
E05013732,Telegraph Hill,E09000023,Lewisham,2.27221423432298,0.559900653338721
E05013733,Addison,E09000013,Hammersmith and Fulham,3.47791854192508,0.712471701695899
E05013734,Avonmore,E09000013,Hammersmith and Fulham,3.78825106391119,0.736025943600595
E05013735,Brook Green,E09000013,Hammersmith and Fulham,3.34934866729987,0.701434487916074
E05013736,College Park & Old Oak,E09000013,Hammersmith and Fulham,3.19250095715395,0.686765951390198
E05013737,Coningham,E09000013,Hammersmith and Fulham,2.80710081139717,0.643760567507986
E05013738,Fulham Reach,E09000013,Hammersmith and Fulham,2.98528154479542,0.66502321975513
E05013739,Fulham Town,E09000013,Hammersmith and Fulham,2.7004124459989,0.629686197942962
E05013740,Grove,E09000013,Hammersmith and Fulham,2.7540854127873,0.63690305487369
E05013741,Hammersmith Broadway,E09000013,Hammersmith and Fulham,3.14214457438693,0.681746025262026
E05013742,Lillie,E09000013,Hammersmith and Fulham,3.28601504572369,0.695680030040834
E05013743,Munster,E09000013,Hammersmith and Fulham,2.63455384587379,0.62042909027417
E05013744,Palace & Hurlingham,E09000013,Hammersmith and Fulham,2.59858904646032,0.615175781117775
E05013745,Parsons Green & Sandford,E09000013,Hammersmith and Fulham,2.6861189446126,0.627715666871103
E05013746,Ravenscourt,E09000013,Hammersmith and Fulham,2.92204810545869,0.657774285737495
E05013747,Sands End,E09000013,Hammersmith and Fulham,2.88475393236476,0.653349982894293
E05013748,Shepherd's Bush Green,E09000013,Hammersmith and Fulham,3.51018730728048,0.715114917678068
E05013749,Walham Green,E09000013,Hammersmith and Fulham,2.87204856114185,0.651816472210892
E05013750,Wendell Park,E09000013,Hammersmith and Fulham,2.54600719846204,0.607228133288834
E05013751,West Kensington,E09000013,Hammersmith and Fulham,3.23733371804424,0.691103825834759
E05013752,White City,E09000013,Hammersmith and Fulham,3.14240122662055,0.68177201831243
E05013753,Wormholt,E09000013,Hammersmith and Fulham,2.68631276651798,0.627742527800958
E05013754,Beddington,E09000029,Sutton,1.70014229217241,0.411813937807394
E05013755,Belmont,E09000029,Sutton,1.98837094231589,0.497075732340324
E05013756,Carshalton Central,E09000029,Sutton,1.5894368084404,0.370846330794851
E05013757,Carshalton South & Clockhouse,E09000029,Sutton,1.49303235696931,0.330222151360544
E05013758,Cheam,E09000029,Sutton,1.67590779519626,0.403308461917565
E05013759,Hackbridge,E09000029,Sutton,2.04052640118133,0.509930379033045
E05013760,North Cheam,E09000029,Sutton,1.65926126222774,0.397322156091685
E05013761,St Helier East,E09000029,Sutton,1.76935898726581,0.434823567632649
E05013762,St Helier West,E09000029,Sutton,1.95977504822039,0.489737354851994
E05013763,South Beddington & Roundshaw,E09000029,Sutton,1.77021513119064,0.435096908629742
E05013764,Stonecot,E09000029,Sutton,1.88167816881574,0.468559493024588
E05013765,Sutton Central,E09000029,Sutton,2.58440140763775,0.61306320409644
E05013766,Sutton North,E09000029,Sutton,2.03911289694114,0.509590664891534
E05013767,Sutton South,E09000029,Sutton,2.51512381234795,0.602405259299555
E05013768,Sutton West & East Cheam,E09000029,Sutton,2.13194707753306,0.53094520472003
E05013769,The Wrythe,E09000029,Sutton,1.64422528546688,0.391810837092163
E05013770,Wallington North,E09000029,Sutton,1.68571827441737,0.406781064679609
E05013771,Wallington South,E09000029,Sutton,1.728074243235,0.421321159137253
E05013772,Worcester Park North,E09000029,Sutton,1.90290247861036,0.474486994872027
E05013773,Worcester Park South,E09000029,Sutton,1.53834253498761,0.349949717142772
E05013774,Barnes,E09000027,Richmond upon Thames,2.15700569882062,0.536394363470265
E05013775,East Sheen,E09000027,Richmond upon Thames,1.91009757680465,0.476466536503924
E05013776,Fulwell & Hampton Hill,E09000027,Richmond upon Thames,1.57208177704261,0.363900775008542
E05013777,"Ham, Petersham & Richmond Riverside",E09000027,Richmond upon Thames,2.26593709388808,0.558681482068807
E05013778,Hampton,E09000027,Richmond upon Thames,1.59020592216613,0.371150625173231
E05013779,Hampton North,E09000027,Richmond upon Thames,1.75039107434309,0.428699097785737
E05013780,Hampton Wick & South Teddington,E09000027,Richmond upon Thames,1.75457796528425,0.43006237409462
E05013781,Heathfield,E09000027,Richmond upon Thames,2.07884314056543,0.518963225032935
E05013782,Kew,E09000027,Richmond upon Thames,2.18244935467888,0.541799218453279
E05013783,Mortlake & Barnes Common,E09000027,Richmond upon Thames,1.9738148856329,0.493366876864264
E05013784,North Richmond,E09000027,Richmond upon Thames,2.17875593183201,0.541022477373521
E05013785,St Margarets & North Twickenham,E09000027,Richmond upon Thames,1.91938390744712,0.478999487220849
E05013786,South Richmond,E09000027,Richmond upon Thames,2.43718423572608,0.589690436471217
E05013787,South Twickenham,E09000027,Richmond upon Thames,1.61466967368896,0.380678279715661
E05013788,Teddington,E09000027,Richmond upon Thames,1.63167341809314,0.38713226010101
E05013789,Twickenham Riverside,E09000027,Richmond upon Thames,2.14605821947478,0.534029416851171
E05013790,West Twickenham,E09000027,Richmond upon Thames,1.73604482213492,0.423978006068852
E05013791,Whitton,E09000027,Richmond upon Thames,1.88692461080273,0.470037120574423
E05013792,Abbey Road,E09000033,Westminster,4.18282902957938,0.760927354924531
E05013793,Bayswater,E09000033,Westminster,4.32393736661833,0.768729304980178
E05013794,Church Street,E09000033,Westminster,3.35836440304899,0.702236005392351
E05013795,Harrow Road,E09000033,Westminster,3.20161478233025,0.687657614051818
E05013796,Hyde Park,E09000033,Westminster,4.4114421939526,0.773316762175679
E05013797,Knightsbridge & Belgravia,E09000033,Westminster,4.12364733984808,0.757496236320528
E05013798,Lancaster Gate,E09000033,Westminster,4.8662445226713,0.794502722717465
E05013799,Little Venice,E09000033,Westminster,3.82776649460539,0.738751044137793
E05013800,Maida Vale,E09000033,Westminster,3.5321832636639,0.71688898186933
E05013801,Marylebone,E09000033,Westminster,4.48478549952846,0.777023895545251
E05013802,Pimlico North,E09000033,Westminster,3.10038167042669,0.677459065914818
E05013803,Pimlico South,E09000033,Westminster,2.97464659480606,0.663825611504214
E05013804,Queen's Park,E09000033,Westminster,2.88595750809415,0.653494551740511
E05013805,Regent's Park,E09000033,Westminster,4.25689026274965,0.765086732737604
E05013806,St James's,E09000033,Westminster,3.80297249427248,0.737047795768688
E05013807,Vincent Square,E09000033,Westminster,3.46556842818854,0.711447048089972
E05013808,West End,E09000033,Westminster,4.47920520578384,0.776746106941308
E05013809,Westbourne,E09000033,Westminster,3.33476397605893,0.700128702607069
E05013810,Abbey,E09000024,Merton,2.59158882027472,0.614136319705996
E05013811,Cannon Hill,E09000024,Merton,2.28230183053635,0.561845858150587
E05013812,Colliers Wood,E09000024,Merton,2.83126204748397,0.646800619925428
E05013813,Cricket Green,E09000024,Merton,2.8152263922,0.644788780479379
E05013814,Figge's Marsh,E09000024,Merton,3.11718295027482,0.679197526756702
E05013815,Graveney,E09000024,Merton,3.4255273757277,0.70807414733109
E05013816,Hillside,E09000024,Merton,2.85007537605735,0.649132086680687
E05013817,Lavender Fields,E09000024,Merton,3.19229710968423,0.686745949502515
E05013818,Longthornton,E09000024,Merton,3.00996194413131,0.667769885944985
E05013819,Lower Morden,E09000024,Merton,1.92391026749943,0.4802252387271
E05013820,Merton Park,E09000024,Merton,2.56964761658837,0.610841582501626
E05013821,Pollards Hill,E09000024,Merton,2.65394119690334,0.623201900190247
E05013822,Ravensbury,E09000024,Merton,2.6336907389718,0.620304698193075
E05013823,Raynes Park,E09000024,Merton,2.50660067334432,0.601053326668984
E05013824,St Helier,E09000024,Merton,2.68426832838517,0.62745900272884
E05013825,Village,E09000024,Merton,2.32180719369165,0.569301015727317
E05013826,Wandle,E09000024,Merton,2.40571267576918,0.584322762201737
E05013827,West Barnes,E09000024,Merton,2.38649466255325,0.580975388006892
E05013828,Wimbledon Park,E09000024,Merton,2.20885455915327,0.547276666154364
E05013829,Wimbledon Town & Dundonald,E09000024,Merton,2.48135124806203,0.596993774750344
E05013882,Cann Hall,E09000031,Waltham Forest,3.23070279526805,0.690469825492868
E05013883,Cathall,E09000031,Waltham Forest,3.39912343104517,0.705806505622387
E05013884,Chapel End,E09000031,Waltham Forest,2.3969549072472,0.582803999784687
E05013885,Chingford Green,E09000031,Waltham Forest,1.57291016034339,0.364235780776134
E05013886,Endlebury,E09000031,Waltham Forest,1.69640053022485,0.410516571892693
E05013887,Forest,E09000031,Waltham Forest,2.71272696495925,0.631367250402577
E05013888,Grove Green,E09000031,Waltham Forest,3.21633366889074,0.689086984453052
E05013889,Hale End & Highams Park South,E09000031,Waltham Forest,1.79949570006491,0.444288752696699
E05013890,Hatch Lane & Highams Park North,E09000031,Waltham Forest,1.67009495034602,0.401231648659968
E05013891,High Street,E09000031,Waltham Forest,2.91287870999961,0.656696999924129
E05013892,Higham Hill,E09000031,Waltham Forest,2.52507855408457,0.603972716657705
E05013893,Hoe Street,E09000031,Waltham Forest,2.58754144742193,0.613532760607046
E05013894,Larkswood,E09000031,Waltham Forest,2.04666568283232,0.511400416595578
E05013895,Lea Bridge,E09000031,Waltham Forest,3.27975555367878,0.695099228087796
E05013896,Leyton,E09000031,Waltham Forest,3.09044760373386,0.676422276568674
E05013897,Leytonstone,E09000031,Waltham Forest,2.64114242757014,0.621375966111755
E05013898,Markhouse,E09000031,Waltham Forest,2.84441307647615,0.648433622995832
E05013899,St James,E09000031,Waltham Forest,2.69281867759273,0.628641910307174
E05013900,Upper Walthamstow,E09000031,Waltham Forest,2.21200195034939,0.547920832600511
E05013901,Valley,E09000031,Waltham Forest,2.17944505102322,0.541167601573385
E05013902,William Morris,E09000031,Waltham Forest,2.60969659069739,0.616813692609083
E05013903,Wood Street,E09000031,Waltham Forest,2.39025460473349,0.581634526288676
E05013904,Beckton,E09000025,Newham,3.63345200409265,0.724779631360585
E05013905,Boleyn,E09000025,Newham,3.18893914038486,0.686416091377863
E05013906,Canning Town North,E09000025,Newham,3.49832142032127,0.71414862162432
E05013907,Canning Town South,E09000025,Newham,3.67302673695451,0.727744971214354
E05013908,Custom House,E09000025,Newham,3.3583067607475,0.702230894542398
E05013909,East Ham,E09000025,Newham,3.3279286133597,0.699512785224545
E05013910,East Ham South,E09000025,Newham,3.10497590855335,0.677936309507176
E05013911,Forest Gate North,E09000025,Newham,3.11176590818,0.678639065563618
E05013912,Forest Gate South,E09000025,Newham,3.47780219446126,0.712462082635811
E05013913,Green Street East,E09000025,Newham,3.07192793821231,0.674471530545751
E05013914,Green Street West,E09000025,Newham,3.01010004098163,0.667785127940835
E05013915,Little Ilford,E09000025,Newham,3.2533031258189,0.692620096767562
E05013916,Manor Park,E09000025,Newham,3.27559205258377,0.694711678393772
E05013917,Maryland,E09000025,Newham,3.89014594154858,0.742940235398489
E05013918,Plaistow North,E09000025,Newham,3.35702154807568,0.702116895682954
E05013919,Plaistow South,E09000025,Newham,3.55529135490263,0.718729099762518
E05013920,Plaistow West & Canning Town East,E09000025,Newham,3.38819612685487,0.704857699330333
E05013921,Plashet,E09000025,Newham,2.89959291731519,0.655124002397575
E05013922,Royal Albert,E09000025,Newham,3.53539730949195,0.717146359387906
E05013923,Royal Victoria,E09000025,Newham,4.15433111538625,0.759287362459787
E05013924,Stratford,E09000025,Newham,3.92365342741769,0.745135492086991
E05013925,Stratford Olympic Park,E09000025,Newham,3.1052058221312,0.677960155532083
E05013926,Wall End,E09000025,Newham,3.33050595222984,0.699745319677186
E05013927,West Ham,E09000025,Newham,3.64793483560452,0.725872296226398
E05013928,Alexandra,E09000021,Kingston upon Thames,1.89441707287367,0.47213313566527
E05013929,Berrylands,E09000021,Kingston upon Thames,1.72713100244131,0.421005124344075
E05013930,Canbury Gardens,E09000021,Kingston upon Thames,2.48067758230951,0.596884332276264
E05013931,Chessington South & Malden Rushett,E09000021,Kingston upon Thames,1.58076983838813,0.367396836835097
E05013932,Coombe Hill,E09000021,Kingston upon Thames,2.89988429928363,0.655158655727391
E05013933,Coombe Vale,E09000021,Kingston upon Thames,2.31453797604498,0.567948329061866
E05013934,Green Lane & St James,E09000021,Kingston upon Thames,2.2774199953539,0.560906639074008
E05013935,Hook & Chessington North,E09000021,Kingston upon Thames,1.62150202873287,0.383287851461121
E05013936,King George's & Sunray,E09000021,Kingston upon Thames,2.0570109542727,0.513857717712751
E05013937,Kingston Gate,E09000021,Kingston upon Thames,2.13592860395982,0.531819557008559
E05013938,Kingston Town,E09000021,Kingston upon Thames,2.43482834641278,0.589293429463603
E05013939,Motspur Park & Old Malden East,E09000021,Kingston upon Thames,2.08613161209949,0.520643858613696
E05013940,New Malden Village,E09000021,Kingston upon Thames,2.41257200078709,0.585504598547213
E05013941,Norbiton,E09000021,Kingston upon Thames,2.48272468765589,0.59721671719301
E05013942,Old Malden,E09000021,Kingston upon Thames,2.07730131331517,0.518606186983969
E05013943,St Mark's & Seething Wells,E09000021,Kingston upon Thames,2.21078513590612,0.54767200857349
E05013944,Surbiton Hill,E09000021,Kingston upon Thames,2.10961478197437,0.52597980989491
E05013945,Tolworth,E09000021,Kingston upon Thames,2.0662111480912,0.516022357674424
E05013946,Tudor,E09000021,Kingston upon Thames,2.11561770813015,0.52732481101993
E05013967,Beam Park,E09000016,Havering,1.87938256090331,0.467910354813892
E05013968,Cranham,E09000016,Havering,1.21236030650255,0.175162701519954
E05013969,Elm Park,E09000016,Havering,1.51661535315997,0.340637032378424
E05013970,Emerson Park,E09000016,Havering,1.46550287949516,0.317640371785226
E05013971,Gooshays,E09000016,Havering,1.59032991868818,0.371199655965175
E05013972,Hacton,E09000016,Havering,1.29061983819967,0.225178499196995
E05013973,Harold Wood,E09000016,Havering,1.48543295998366,0.326795603073866
E05013974,Havering-atte-Bower,E09000016,Havering,1.47229479279678,0.320788197518249
E05013975,Heaton,E09000016,Havering,1.74118779991237,0.425679412611135
E05013976,Hylands & Harrow Lodge,E09000016,Havering,1.40119513615707,0.286323528967842
E05013977,Marshalls & Rise Park,E09000016,Havering,1.46425353064738,0.317058160305148
E05013978,Mawneys,E09000016,Havering,1.50366106077014,0.334956509755047
E05013979,Rainham & Wennington,E09000016,Havering,1.57102601719399,0.363473304034709
E05013980,Rush Green & Crowlands,E09000016,Havering,2.13187232244471,0.530928757096834
E05013981,St Alban's,E09000016,Havering,2.023033498631,0.505692811969398
E05013982,St Andrew's,E09000016,Havering,1.31754036678553,0.241009971907162
E05013983,St Edward's,E09000016,Havering,1.87001573114171,0.465245140269774
E05013984,South Hornchurch,E09000016,Havering,1.61319355863354,0.380111583852931
E05013985,Squirrels Heath,E09000016,Havering,1.44164770941449,0.30634926031538
E05013986,Upminster,E09000016,Havering,1.18486423656619,0.156021450273444
E05013987,Beckenham Town & Copers Cope,E09000006,Bromley,1.89274511825073,0.471666844966321
E05013988,Bickley & Sundridge,E09000006,Bromley,1.55186668864827,0.35561475266214
E05013989,Biggin Hill,E09000006,Bromley,1.14176048223827,0.124159562748546
E05013990,Bromley Common & Holwood,E09000006,Bromley,1.4825150357862,0.325470584876946
E05013991,Bromley Town,E09000006,Bromley,2.09276941763062,0.522164271144514
E05013992,Chelsfield,E09000006,Bromley,1.47273584255044,0.320991605481519
E05013993,Chislehurst,E09000006,Bromley,1.41927898074433,0.295416888739129
E05013994,Clock House,E09000006,Bromley,1.60313609942519,0.376222642382918
E05013995,Crystal Palace & Anerley,E09000006,Bromley,2.09598218728759,0.522896708729142
E05013996,Darwin,E09000006,Bromley,1.19132548202726,0.160598832908102
E05013997,Farnborough & Crofton,E09000006,Bromley,1.41399324135305,0.292783041138798
E05013998,Hayes & Coney Hall,E09000006,Bromley,1.27836820253335,0.217752758541479
E05013999,Kelsey & Eden Park,E09000006,Bromley,1.47198868979325,0.320646954060185
E05014000,Mottingham,E09000006,Bromley,1.68965249929994,0.408162328991127
E05014001,Orpington,E09000006,Bromley,1.58675332324057,0.369782318805713
E05014002,Penge & Cator,E09000006,Bromley,1.88579687470553,0.469720194463599
E05014003,Petts Wood & Knoll,E09000006,Bromley,1.45671556621232,0.313524188802245
E05014004,Plaistow,E09000006,Bromley,1.71816757284693,0.417984592537127
E05014005,Shortlands & Park Langley,E09000006,Bromley,1.64234196279888,0.391113408381893
E05014006,St Mary Cray,E09000006,Bromley,1.52417549305907,0.343907571960124
E05014007,St Paul's Cray,E09000006,Bromley,1.51106495029947,0.338215078179257
E05014008,West Wickham,E09000006,Bromley,1.33045497284454,0.248377419446239
E05014009,Balham,E09000032,Wandsworth,2.00572503327826,0.501427173013068
E05014010,Battersea Park,E09000032,Wandsworth,3.11365737905302,0.678834284488894
E05014011,East Putney,E09000032,Wandsworth,2.7267195581802,0.633258947734472
E05014012,Falconbrook,E09000032,Wandsworth,2.93726083795451,0.659546749448239
E05014013,Furzedown,E09000032,Wandsworth,2.49953036830501,0.599924844810698
E05014014,Lavender,E09000032,Wandsworth,2.24449384372259,0.554465251576963
E05014015,Nine Elms,E09000032,Wandsworth,3.96012708262377,0.747482851146925
E05014016,Northcote,E09000032,Wandsworth,2.04822229784496,0.51177174418414
E05014017,Roehampton,E09000032,Wandsworth,2.93347116415584,0.659106926899768
E05014018,St Mary's,E09000032,Wandsworth,2.82238646677886,0.645689911083905
E05014019,Shaftesbury & Queenstown,E09000032,Wandsworth,2.33687258671838,0.572077653833802
E05014020,South Balham,E09000032,Wandsworth,1.89004163660654,0.470911126701187
E05014021,Southfields,E09000032,Wandsworth,2.12889338891323,0.530272391652977
E05014022,Thamesfield,E09000032,Wandsworth,2.22225872532937,0.550007391757777
E05014023,Tooting Bec,E09000032,Wandsworth,2.37396116453302,0.578763117552216
E05014024,Tooting Broadway,E09000032,Wandsworth,2.64391979665626,0.621773700826822
E05014025,Trinity,E09000032,Wandsworth,1.92996273228077,0.481855279755463
E05014026,Wandle,E09000032,Wandsworth,2.09351836372697,0.522335214571628
E05014027,Wandsworth Common,E09000032,Wandsworth,1.92949600781313,0.481729946084008
E05014028,Wandsworth Town,E09000032,Wandsworth,2.30651918018668,0.56644626734946
E05014029,West Hill,E09000032,Wandsworth,2.96978873228436,0.663275710784046
E05014030,West Putney,E09000032,Wandsworth,2.49620136195711,0.599391293010127
E05014053,Abbey,E09000002,Barking and Dagenham,3.94317970155625,0.746397558395492
E05014054,Alibon,E09000002,Barking and Dagenham,2.55652912233713,0.60884466706727
E05014055,Barking Riverside,E09000002,Barking and Dagenham,2.7553292942289,0.637066973412389
E05014056,Beam,E09000002,Barking and Dagenham,2.80898206036188,0.643999150399996
E05014057,Becontree,E09000002,Barking and Dagenham,2.56110217929376,0.609543106837012
E05014058,Chadwell Heath,E09000002,Barking and Dagenham,2.32777394918884,0.570405021351635
E05014059,Eastbrook & Rush Green,E09000002,Barking and Dagenham,1.93339508299437,0.482775140582627
E05014060,Eastbury,E09000002,Barking and Dagenham,2.71131013504035,0.631174616626763
E05014061,Gascoigne,E09000002,Barking and Dagenham,3.31805282279592,0.698618420680428
E05014062,Goresbrook,E09000002,Barking and Dagenham,2.40599191931091,0.584371006413685
E05014063,Heath,E09000002,Barking and Dagenham,2.31065342786595,0.567221986672589
E05014064,Longbridge,E09000002,Barking and Dagenham,2.36785377453118,0.577676623972274
E05014065,Mayesbrook,E09000002,Barking and Dagenham,2.7122057060869,0.63129640286659
E05014066,Northbury,E09000002,Barking and Dagenham,3.71255495888674,0.730643718120239
E05014067,Parsloes,E09000002,Barking and Dagenham,2.4229011486757,0.587271647237208
E05014068,Thames View,E09000002,Barking and Dagenham,2.71140469559516,0.631187479454999
E05014069,Valence,E09000002,Barking and Dagenham,2.30845003116299,0.566808903593116
E05014070,Village,E09000002,Barking and Dagenham,2.39275283243411,0.582071333718696
E05014071,Whalebone,E09000002,Barking and Dagenham,2.73445493253503,0.634296404705076
E05014072,Abbey Wood,E09000011,Greenwich,2.50033122149017,0.600052988418067
E05014073,Blackheath Westcombe,E09000011,Greenwich,1.87699867722882,0.467234573933536
E05014074,Charlton Hornfair,E09000011,Greenwich,2.1982138313579,0.545085202479018
E05014075,Charlton Village & Riverside,E09000011,Greenwich,2.24495754312358,0.554557277458074
E05014076,East Greenwich,E09000011,Greenwich,2.44799523440791,0.591502472739957
E05014077,Eltham Page,E09000011,Greenwich,1.92217606138862,0.479756292835329
E05014078,Eltham Park & Progress,E09000011,Greenwich,1.55255362635122,0.355899865210982
E05014079,Eltham Town & Avery Hill,E09000011,Greenwich,1.73411483965902,0.4233369226016
E05014080,Greenwich Creekside,E09000011,Greenwich,2.89686863919565,0.654799673526908
E05014081,Greenwich Park,E09000011,Greenwich,2.34186930418555,0.572990688159784
E05014082,Greenwich Peninsula,E09000011,Greenwich,3.46713028925181,0.711577034442569
E05014083,Kidbrooke Park,E09000011,Greenwich,2.20186705695468,0.545839973925101
E05014084,Kidbrooke Village & Sutcliffe,E09000011,Greenwich,2.82324360658015,0.645797480008706
E05014085,Middle Park & Horn Park,E09000011,Greenwich,1.90346902644523,0.474643408373436
E05014086,"Mottingham, Coldharbour & New Eltham",E09000011,Greenwich,1.66975138977251,0.401108448763596
E05014087,Plumstead & Glyndon,E09000011,Greenwich,3.16055716443574,0.683600090752185
E05014088,Plumstead Common,E09000011,Greenwich,2.15035088849738,0.534959617358645
E05014089,Shooters Hill,E09000011,Greenwich,2.39595578214356,0.582630027042761
E05014090,Thamesmead Moorings,E09000011,Greenwich,2.52623829561423,0.604154524244175
E05014091,West Thamesmead,E09000011,Greenwich,2.83378353016502,0.647114894502275
E05014092,Woolwich Arsenal,E09000011,Greenwich,3.53923136695939,0.717452775386336
E05014093,Woolwich Common,E09000011,Greenwich,2.81070698250737,0.644217627015705
E05014094,Woolwich Dockyard,E09000011,Greenwich,2.88435362894306,0.653301873263564
E05014095,Brixton Acre Lane,E09000022,Lambeth,2.1354202539192,0.531708103749288
E05014096,Brixton North,E09000022,Lambeth,2.87469184802656,0.652136627901009
E05014097,Brixton Rush Common,E09000022,Lambeth,2.42081234131485,0.586915522969923
E05014098,Brixton Windrush,E09000022,Lambeth,2.40194555657625,0.583670829981089
E05014099,Clapham Common & Abbeville,E09000022,Lambeth,2.03031129613058,0.507464691790946
E05014100,Clapham East,E09000022,Lambeth,2.31013388087377,0.567124655294105
E05014101,Clapham Park,E09000022,Lambeth,2.66228798063209,0.624383234543028
E05014102,Clapham Town,E09000022,Lambeth,2.23642419634282,0.552857636920902
E05014103,Gipsy Hill,E09000022,Lambeth,1.96400183890986,0.490835507284932
E05014104,Herne Hill & Loughborough Junction,E09000022,Lambeth,2.14038960602291,0.532795339135422
E05014105,Kennington,E09000022,Lambeth,2.54519426182683,0.607102681709551
E05014106,Knight's Hill,E09000022,Lambeth,2.18549857083135,0.542438501975498
E05014107,Myatt's Fields,E09000022,Lambeth,2.46130194453509,0.593710961704502
E05014108,Oval,E09000022,Lambeth,2.77843508470665,0.640085166824914
E05014109,St Martin's,E09000022,Lambeth,2.45813875363703,0.593188139391882
E05014110,Stockwell East,E09000022,Lambeth,2.5792000977611,0.612282893107806
E05014111,Stockwell West & Larkhall,E09000022,Lambeth,2.90783471668925,0.656101499077443
E05014112,Streatham Common & Vale,E09000022,Lambeth,2.84768389064749,0.648837427748124
E05014113,Streatham Hill East,E09000022,Lambeth,2.42946556708097,0.588386839661403
E05014114,Streatham Hill West & Thornton,E09000022,Lambeth,2.0447785389828,0.510949483802065
E05014115,Streatham St Leonard's,E09000022,Lambeth,2.58980928811068,0.613871181715654
E05014116,Streatham Wells,E09000022,Lambeth,2.46228317784463,0.593872870107754
E05014117,Vauxhall,E09000022,Lambeth,3.60407276647101,0.722536123770007
E05014118,Waterloo & South Bank,E09000022,Lambeth,3.3571097810923,0.702124724776015
E05014119,West Dulwich,E09000022,Lambeth,1.86297187109759,0.463223242651087
E09000001,City of London,E09000001,City of London,3.31025534990923,0.697908501219575
