ward_gss_code,ward_name,la_gsscode,la_distric,simp_r_ind,simp_stand_ind,ent_ind,ent_ind_stand
E05009317,Bethnal Green,E09000030,Tower Hamlets,3.51821589065029,0.715765026626844,1.41654402866865,0.644696970569108
E05009318,Blackwall & Cubitt Town,E09000030,Tower Hamlets,3.96042925070738,0.747502117397656,1.56251140176667,0.711129584969855
E05009319,Bow East,E09000030,Tower Hamlets,3.42973218383385,0.708432044719546,1.4028897274059,0.638482630258341
E05009320,Bow West,E09000030,Tower Hamlets,3.59562813701129,0.721884476955059,1.43140971056058,0.651462633963403
E05009321,Bromley North,E09000030,Tower Hamlets,2.94000096458073,0.659864057172985,1.31705173924107,0.599416078277164
E05009322,Bromley South,E09000030,Tower Hamlets,2.80932739929526,0.644042912103852,1.29554342909519,0.589627224480545
E05009323,Canary Wharf,E09000030,Tower Hamlets,4.18841463784852,0.761246178694077,1.59400444781963,0.725462687911539
E05009324,Island Gardens,E09000030,Tower Hamlets,3.63906451181144,0.725204102110786,1.50228371933876,0.683718785432499
E05009325,Lansbury,E09000030,Tower Hamlets,2.93763391454883,0.659589986673481,1.28579562060747,0.58519080565096
E05009326,Limehouse,E09000030,Tower Hamlets,3.6414994720169,0.725387849789764,1.4868293017349,0.676685176868649
E05009327,Mile End,E09000030,Tower Hamlets,3.00189149197656,0.666876700016374,1.32589892418666,0.603442605668511
E05009328,Poplar,E09000030,Tower Hamlets,3.03267012995284,0.670257575948245,1.33925592670084,0.60952163948779
E05009329,St Dunstan's,E09000030,Tower Hamlets,2.62829560387221,0.619525292921115,1.24292053045038,0.565677511197884
E05009330,St Katharine's & Wapping,E09000030,Tower Hamlets,3.21744812987039,0.689194678628655,1.38249195765656,0.629199205177567
E05009331,St Peter's,E09000030,Tower Hamlets,3.50417601661556,0.714626207342795,1.40922192891649,0.641364539361264
E05009332,Shadwell,E09000030,Tower Hamlets,2.40617872087798,0.584403273404764,1.16850200991947,0.531808182910503
E05009333,Spitalfields & Banglatown,E09000030,Tower Hamlets,3.21597590479983,0.689052396658972,1.37288533020632,0.624827040607168
E05009334,Stepney Green,E09000030,Tower Hamlets,2.72670065373983,0.633256405088531,1.26398726959992,0.575265397373401
E05009335,Weavers,E09000030,Tower Hamlets,3.66312063345114,0.727008717412107,1.43170609154345,0.651597522761719
E05009336,Whitechapel,E09000030,Tower Hamlets,3.31905966021558,0.69870984484351,1.40986234826065,0.641656006765533
E05009367,Brownswood,E09000012,Hackney,3.36865489184302,0.70314560793347,1.44414203705142,0.657257365472495
E05009368,Cazenove,E09000012,Hackney,4.78890396818991,0.791183952185624,1.67023511675076,0.760156760478099
E05009369,Clissold,E09000012,Hackney,3.37848568716196,0.704009401667753,1.45271860817048,0.661160731203755
E05009370,Dalston,E09000012,Hackney,3.18521547382769,0.68604949705387,1.37877712849205,0.627508513564688
E05009371,De Beauvoir,E09000012,Hackney,3.17717630288554,0.685255111876609,1.384209866731,0.62998105929123
E05009372,Hackney Central,E09000012,Hackney,3.40673612146274,0.706463910221895,1.4475646568274,0.658815066861459
E05009373,Hackney Downs,E09000012,Hackney,3.64309195570924,0.725507889408924,1.47929026367356,0.673254012781415
E05009374,Hackney Wick,E09000012,Hackney,2.9454351317948,0.660491589441098,1.3371459663697,0.608561355157777
E05009375,Haggerston,E09000012,Hackney,3.41245559919324,0.706955894096786,1.41459817271484,0.643811373359845
E05009376,Homerton,E09000012,Hackney,3.24452433308224,0.691788411076573,1.41243817461616,0.642828315860416
E05009377,Hoxton East & Shoreditch,E09000012,Hackney,3.30606238154864,0.697525368673904,1.41374147658559,0.643421474148775
E05009378,Hoxton West,E09000012,Hackney,3.39068504137111,0.705074346983398,1.43662156385144,0.653834650617785
E05009379,King's Park,E09000012,Hackney,3.17728838161584,0.685266214490911,1.40028414913215,0.637296780481936
E05009380,Lea Bridge,E09000012,Hackney,3.78724519559313,0.735955833764445,1.5241292738565,0.693661125757234
E05009381,London Fields,E09000012,Hackney,3.38853256798508,0.704887003463381,1.41623038594349,0.644554225613317
E05009382,Shacklewell,E09000012,Hackney,3.57765966828364,0.720487667157077,1.47500603635645,0.671304176901505
E05009383,Springfield,E09000012,Hackney,4.28077862661621,0.766397637620784,1.59618496695947,0.726455084939284
E05009384,Stamford Hill West,E09000012,Hackney,4.00863749795613,0.750538680409524,1.55991872838945,0.709949608464967
E05009385,Stoke Newington,E09000012,Hackney,3.43711854348406,0.70905862356835,1.46461869020386,0.666576691937185
E05009386,Victoria,E09000012,Hackney,3.18175275138948,0.685707822657403,1.37473422386967,0.625668508376287
E05009387,Woodberry Down,E09000012,Hackney,3.80153218924524,0.736948169785578,1.55717584280065,0.708701267436429
E05009388,Abingdon,E09000020,Kensington and Chelsea,2.93431208058721,0.659204620184817,1.38043614241455,0.628263563339579
E05009389,Brompton & Hans Town,E09000020,Kensington and Chelsea,2.75873039223329,0.637514415031161,1.35174864906322,0.615207322458587
E05009390,Campden,E09000020,Kensington and Chelsea,2.73864214150351,0.63485554215163,1.34409423447334,0.611723648250304
E05009391,Chelsea Riverside,E09000020,Kensington and Chelsea,2.65552233010222,0.623426250773984,1.29233554979777,0.588167255695147
E05009392,Colville,E09000020,Kensington and Chelsea,3.08574183756243,0.67592881950554,1.3840847558009,0.629924118853101
E05009393,Courtfield,E09000020,Kensington and Chelsea,2.68204701198841,0.62715045801579,1.30631159429735,0.594528027663446
E05009394,Dalgarno,E09000020,Kensington and Chelsea,2.86538915924966,0.651007264834538,1.3080315919713,0.595310832339716
E05009395,Earl's Court,E09000020,Kensington and Chelsea,3.04710064233849,0.671819175873183,1.40190029302353,0.638032319264835
E05009396,Golborne,E09000020,Kensington and Chelsea,3.14686422038122,0.682223340453228,1.35020733781682,0.61450584148013
E05009397,Holland,E09000020,Kensington and Chelsea,3.2276868344281,0.690180599513712,1.45099676898018,0.660377088417278
E05009398,Norland,E09000020,Kensington and Chelsea,2.501267803145,0.600202745686553,1.22412296029846,0.557122368339114
E05009399,Notting Dale,E09000020,Kensington and Chelsea,2.88086879558567,0.652882491027606,1.30505642570188,0.593956775817633
E05009400,Pembridge,E09000020,Kensington and Chelsea,2.93253279323888,0.658997845717,1.36066581935358,0.619265701552989
E05009401,Queen's Gate,E09000020,Kensington and Chelsea,2.85739124535871,0.650030424911425,1.39223696040571,0.633634347060497
E05009402,Redcliffe,E09000020,Kensington and Chelsea,2.42178968815041,0.587082228942956,1.21086315101281,0.551087569064419
E05009403,Royal Hospital,E09000020,Kensington and Chelsea,2.20776809978021,0.547053877579102,1.1607884123309,0.528297573358738
E05009404,St Helen's,E09000020,Kensington and Chelsea,2.84333542880941,0.648300376428422,1.31749367126792,0.599617210210333
E05009405,Stanley,E09000020,Kensington and Chelsea,2.38305109472988,0.580369887069774,1.21910783745992,0.554839887572118
E05011095,Borough & Bankside,E09000028,Southwark,2.9627419945245,0.66247482843659,1.33986682986579,0.609799673499992
E05011096,Camberwell Green,E09000028,Southwark,2.64003812405617,0.621217591182511,1.25082478755693,0.56927489363575
E05011097,Champion Hill,E09000028,Southwark,2.7774378223454,0.639955936383284,1.272188900644,0.57899812052272
E05011098,Chaucer,E09000028,Southwark,3.20599592805497,0.688084444758891,1.41966529351492,0.646117519418993
E05011099,Dulwich Hill,E09000028,Southwark,2.66883489793898,0.625304659807823,1.20578129177576,0.54877471525354
E05011100,Dulwich Village,E09000028,Southwark,2.62406148382005,0.618911368439347,1.199078399317,0.545724097429628
E05011101,Dulwich Wood,E09000028,Southwark,2.75215252870603,0.636648045640781,1.28460452055192,0.58464871265426
E05011102,Faraday,E09000028,Southwark,2.62622392393375,0.619225157882909,1.2481740563047,0.568068493853238
E05011103,Goose Green,E09000028,Southwark,2.76897341922885,0.638855327011951,1.2342284914558,0.561721593771766
E05011104,London Bridge & West Bermondsey,E09000028,Southwark,2.8651439538774,0.650977397262466,1.31855380211578,0.600099696551872
E05011105,Newington,E09000028,Southwark,2.68591846300506,0.62768787892348,1.25182738802908,0.56973119677494
E05011106,North Bermondsey,E09000028,Southwark,2.66044560869927,0.62412311804829,1.25324979997167,0.570378564348227
E05011107,North Walworth,E09000028,Southwark,2.8622130067362,0.650619993114941,1.30934239046073,0.595907402441354
E05011108,Nunhead & Queen's Road,E09000028,Southwark,2.61637690715505,0.61779207068168,1.24042403861008,0.564541308796887
E05011109,Old Kent Road,E09000028,Southwark,2.46115602733992,0.593686873610843,1.20347333287892,0.547724317892867
E05011110,Peckham,E09000028,Southwark,2.46055171862314,0.593587083566944,1.20363806373556,0.547799290136642
E05011111,Peckham Rye,E09000028,Southwark,2.69437496380901,0.628856408839878,1.22072754492859,0.555577048208941
E05011112,Rotherhithe,E09000028,Southwark,2.77844988201096,0.640087083638079,1.3056716857186,0.59423679271853
E05011113,Rye Lane,E09000028,Southwark,2.72420161225727,0.63291997350688,1.26242819363654,0.57455583132382
E05011114,St George's,E09000028,Southwark,3.06899568408794,0.674160506257869,1.35247869086593,0.615539578801542
E05011115,St Giles,E09000028,Southwark,2.83494113871536,0.64725899019789,1.28723112505556,0.585844131880284
E05011116,South Bermondsey,E09000028,Southwark,2.52530438560835,0.604008132366546,1.2124255045202,0.551798626788558
E05011117,Surrey Docks,E09000028,Southwark,2.71163217562315,0.631218419301212,1.26199275031088,0.574357652525825
E05011217,Barnehurst,E09000004,Bexley,2.16285881236372,0.53764896983399,1.03482759212804,0.470970333575369
E05011218,Belvedere,E09000004,Bexley,2.5207730320102,0.60329629550085,1.24887913648723,0.568389389673263
E05011219,Bexleyheath,E09000004,Bexley,2.13722274403514,0.532103051593037,1.06910342526009,0.486569937496425
E05011220,Blackfen & Lamorbey,E09000004,Bexley,2.11319917919719,0.526783840423455,1.02787837503956,0.467807608581229
E05011221,Blendon & Penhill,E09000004,Bexley,2.0919030175259,0.521966366690028,1.00883530955102,0.459140735979781
E05011222,Crayford,E09000004,Bexley,2.16528405891836,0.538166830406753,1.04075321401671,0.473667200317981
E05011223,Crook Log,E09000004,Bexley,2.29940264086923,0.565104439637429,1.14677034468249,0.521917675831192
E05011224,East Wickham,E09000004,Bexley,2.2636998857578,0.558245328238271,1.14919610103069,0.523021685122376
E05011225,Erith,E09000004,Bexley,2.3864013238106,0.580958998797736,1.17322123870919,0.533955996492415
E05011226,Falconwood & Welling,E09000004,Bexley,2.27710224706037,0.560845367707597,1.14246453402628,0.519958016950337
E05011227,Longlands,E09000004,Bexley,2.07845843173935,0.518874188326608,0.993106220227723,0.451982118929192
E05011228,Northumberland Heath,E09000004,Bexley,2.33794347104943,0.572273661710422,1.14346709871065,0.520414303801809
E05011229,St Mary's & St James,E09000004,Bexley,2.02100751671251,0.505197288119612,1.00519172230831,0.457482467962806
E05011230,Sidcup,E09000004,Bexley,2.17855345374185,0.540979819300548,1.06068594346662,0.482738976437506
E05011231,Slade Green & Northend,E09000004,Bexley,2.26998171971712,0.559467818038368,1.07305799971808,0.488369741894563
E05011232,Thamesmead East,E09000004,Bexley,2.23633110979884,0.552839024767692,1.14513864746131,0.521175058422842
E05011233,West Heath,E09000004,Bexley,2.17558978114112,0.540354524245149,1.10124317133605,0.501197366302507
E05011234,Aldborough,E09000026,Redbridge,4.65663012628262,0.785252430860705,1.74915297630932,0.796073826203914
E05011235,Barkingside,E09000026,Redbridge,5.50250206795152,0.818264493561148,1.85004567502892,0.841992072231327
E05011236,Bridge,E09000026,Redbridge,2.6121897192595,0.617179413644014,1.34193378525929,0.61074038543942
E05011237,Chadwell,E09000026,Redbridge,3.48253462834754,0.712852819363206,1.55440846332049,0.707441778757528
E05011238,Churchfields,E09000026,Redbridge,2.9535532812162,0.661424763738061,1.42816970093493,0.649988042035445
E05011239,Clayhall,E09000026,Redbridge,5.51032930350562,0.818522642673314,1.84527566508981,0.839821147152334
E05011240,Clementswood,E09000026,Redbridge,3.38450711511723,0.704536003031756,1.50192166602191,0.683554007866935
E05011241,Cranbrook,E09000026,Redbridge,4.60626229837772,0.782904243131749,1.7594661803852,0.800767567654952
E05011242,Fairlop,E09000026,Redbridge,3.62805334636932,0.724370094778038,1.6268610049759,0.74041635149931
E05011243,Fullwell,E09000026,Redbridge,4.38202968624059,0.77179524749913,1.74845256649409,0.795755055959643
E05011244,Goodmayes,E09000026,Redbridge,4.32583757233983,0.768830894993798,1.65374504749839,0.752651806536449
E05011245,Hainault,E09000026,Redbridge,2.74711218337169,0.635981374895057,1.38115789589491,0.628592047504466
E05011246,Ilford Town,E09000026,Redbridge,3.9759470910066,0.74848759877566,1.58671795758818,0.722146463294989
E05011247,Loxford,E09000026,Redbridge,3.38768963050161,0.704813572354345,1.50050140950164,0.682907621268626
E05011248,Mayfield,E09000026,Redbridge,4.08942427273309,0.755466800872762,1.59923439006397,0.727842937203434
E05011249,Monkhams,E09000026,Redbridge,2.70101765977252,0.629769173710542,1.40248529391007,0.638298564642105
E05011250,Newbury,E09000026,Redbridge,4.80028455874175,0.791679016574359,1.74843502740667,0.795747073576959
E05011251,Seven Kings,E09000026,Redbridge,4.53276627308665,0.779384168573281,1.69133087264688,0.769757852744096
E05011252,South Woodford,E09000026,Redbridge,3.4024585020856,0.706094872461477,1.54953758019129,0.705224944311272
E05011253,Valentines,E09000026,Redbridge,4.34642864901257,0.769926051765009,1.69880870098091,0.773161159083901
E05011254,Wanstead Park,E09000026,Redbridge,3.07222720668569,0.674503240572888,1.43251870260016,0.651967357991624
E05011255,Wanstead Village,E09000026,Redbridge,3.04605822399431,0.671706866230319,1.4678770212913,0.668059622321751
E05011462,Addiscombe East,E09000008,Croydon,2.55725909474125,0.608956322784657,1.26030561933833,0.573589806129988
E05011463,Addiscombe West,E09000008,Croydon,3.06097554667221,0.67330676617552,1.40759861298937,0.640625736444227
E05011464,Bensham Manor,E09000008,Croydon,2.91805725047656,0.657306243790561,1.39559209019452,0.635161332432594
E05011465,Broad Green,E09000008,Croydon,3.21738336192637,0.689188421922695,1.43198206063167,0.651723121706436
E05011466,Coulsdon Town,E09000008,Croydon,2.34718419974671,0.573957595612686,1.1724275021457,0.533594751414569
E05011467,Crystal Palace & Upper Norwood,E09000008,Croydon,2.56487001304015,0.610116694056283,1.23389827633194,0.561571306392287
E05011468,Fairfield,E09000008,Croydon,3.13944561960669,0.681472425018376,1.4239625679145,0.64807329328203
E05011469,Kenley,E09000008,Croydon,2.36210386620385,0.576648590983806,1.17036533789904,0.532656220020038
E05011470,New Addington North,E09000008,Croydon,2.51854550271559,0.602945430637738,1.13391807169268,0.516068354317868
E05011471,New Addington South,E09000008,Croydon,2.35839434830448,0.575982701655078,1.08606887123657,0.494291244708928
E05011472,Norbury & Pollards Hill,E09000008,Croydon,3.07649959218651,0.67495526326747,1.42847360290068,0.650126353780581
E05011473,Norbury Park,E09000008,Croydon,3.0108395478758,0.667866724845727,1.41607237722573,0.644482312746789
E05011474,Old Coulsdon,E09000008,Croydon,2.04291007384109,0.510502193510753,0.998733554655208,0.454543229197814
E05011475,Park Hill & Whitgift,E09000008,Croydon,3.73980832767636,0.732606617136091,1.557243199807,0.708731922931113
E05011476,Purley & Woodcote,E09000008,Croydon,2.6531797666895,0.623093763734016,1.32191809058243,0.601630850217889
E05011477,Purley Oaks & Riddlesdown,E09000008,Croydon,2.50597094173145,0.600953074376406,1.2489666396158,0.568429214063302
E05011478,Sanderstead,E09000008,Croydon,2.23273439958327,0.552118693478881,1.12731810493383,0.513064579998701
E05011479,Selhurst,E09000008,Croydon,2.82930903572623,0.646556813917176,1.35515783462101,0.616758909671364
E05011480,Selsdon & Addington Village,E09000008,Croydon,2.36254720896955,0.576728034807753,1.20463492096285,0.548252979412452
E05011481,Selsdon Vale & Forestdale,E09000008,Croydon,2.30260382003165,0.565709050206364,1.12258209633196,0.510909129595169
E05011482,Shirley North,E09000008,Croydon,2.33663774577357,0.57203464601701,1.18702942159853,0.540240371349572
E05011483,Shirley South,E09000008,Croydon,2.4026098295649,0.583785936570027,1.22654938223291,0.558226680551656
E05011484,South Croydon,E09000008,Croydon,2.76834430157769,0.638773255396702,1.31179182001439,0.597022185872657
E05011485,South Norwood,E09000008,Croydon,2.32897489944671,0.570626544649508,1.18387732821339,0.538805791827
E05011486,Thornton Heath,E09000008,Croydon,2.35120348011321,0.574685896623524,1.21175679453959,0.551494283760766
E05011487,Waddon,E09000008,Croydon,2.58674481596474,0.613413741537916,1.2875731115583,0.58599977664517
E05011488,West Thornton,E09000008,Croydon,3.45180866114104,0.710296804322452,1.50291711808603,0.684007057625431
E05011489,Woodside,E09000008,Croydon,2.36334324807386,0.576870604464668,1.17289180441402,0.533806064483389
E05013496,Alperton,E09000005,Brent,3.35644211389505,0.702065471095066,1.46774415183424,0.667999150825831
E05013497,Barnhill,E09000005,Brent,3.98873653597735,0.74929404562566,1.61787712217433,0.73632761023261
E05013498,Brondesbury Park,E09000005,Brent,3.81125317315984,0.737619109892162,1.59049014654374,0.72386326047379
E05013499,Cricklewood & Mapesbury,E09000005,Brent,3.51757704004633,0.715713404819464,1.5329967905173,0.697696906510947
E05013500,Dollis Hill,E09000005,Brent,3.24401349495902,0.691739876682408,1.4250800381754,0.648581875915059
E05013501,Harlesden & Kensal Green,E09000005,Brent,2.8473395132483,0.648794955660493,1.35035397440797,0.614572578668793
E05013502,Kenton,E09000005,Brent,4.53776636523914,0.779627261628023,1.75263003151362,0.797656302223965
E05013503,Kilburn,E09000005,Brent,3.21943051197575,0.689386058720583,1.42295557568176,0.647614991366457
E05013504,Kingsbury,E09000005,Brent,3.64906319314579,0.725957061560801,1.54204737188614,0.701816003603796
E05013505,Northwick Park,E09000005,Brent,4.10624589906067,0.756468554348205,1.65534408354468,0.753379559203511
E05013506,Preston,E09000005,Brent,4.25142572630682,0.764784788826902,1.66444244094458,0.757520400105139
E05013507,Queens Park,E09000005,Brent,3.14349213400854,0.681882455126486,1.43159391779117,0.65154647028696
E05013508,Queensbury,E09000005,Brent,3.78724951822946,0.735956135135374,1.55839718540907,0.709257124412098
E05013509,Roundwood,E09000005,Brent,2.86979665222903,0.651543255086287,1.35065075007195,0.614707647094224
E05013510,Stonebridge,E09000005,Brent,2.91502582959705,0.656949866499731,1.3263674927382,0.6036558604065
E05013511,Sudbury,E09000005,Brent,3.84396207202243,0.739851751587687,1.55250114029277,0.706573718638686
E05013512,Tokyngton,E09000005,Brent,3.51838779598968,0.715778914098151,1.45824369793963,0.663675307923015
E05013513,Welsh Harp,E09000005,Brent,3.36793607286898,0.703082250267253,1.49103933588222,0.678601245981811
E05013514,Wembley Central,E09000005,Brent,3.02120565540063,0.669006312690954,1.41255348333742,0.642880795121048
E05013515,Wembley Hill,E09000005,Brent,4.00970743481755,0.750605245829986,1.59539393055101,0.726095068754953
E05013516,Wembley Park,E09000005,Brent,4.36746733119515,0.771034349162183,1.6428128043619,0.747676328267522
E05013517,Willesden Green,E09000005,Brent,3.3715818166505,0.703403312041393,1.5026072450764,0.683866028341115
E05013518,Central Greenford,E09000009,Ealing,3.0779275277376,0.675106060494205,1.47789477803713,0.67261889989818
E05013519,Dormers Wells,E09000009,Ealing,4.8444926894206,0.793580037351734,1.69412373141036,0.771028937544569
E05013520,Ealing Broadway,E09000009,Ealing,2.95608186269911,0.66171437516046,1.41274726519085,0.642968989043251
E05013521,Ealing Common,E09000009,Ealing,3.07678575833969,0.674985495077296,1.43288743608405,0.652135175832228
E05013522,East Acton,E09000009,Ealing,3.2090538067855,0.688381666307523,1.42559614963214,0.648816768361679
E05013523,Greenford Broadway,E09000009,Ealing,3.21915105210047,0.689359093805956,1.50054267874947,0.68292640371274
E05013524,Hanger Hill,E09000009,Ealing,3.49267243011782,0.713686290366982,1.55721626327394,0.708719663586602
E05013525,Hanwell Broadway,E09000009,Ealing,2.919716235766,0.657500962679119,1.38529425157676,0.630474584102916
E05013526,Lady Margaret,E09000009,Ealing,4.77094774504868,0.790398039668783,1.67776181958877,0.763582310563258
E05013527,North Acton,E09000009,Ealing,3.22334965892083,0.689763722271819,1.46059728679543,0.664746472372964
E05013528,North Greenford,E09000009,Ealing,3.49417968644634,0.713809795220628,1.54446020866147,0.70291413294397
E05013529,North Hanwell,E09000009,Ealing,2.68078969782644,0.626975588271325,1.34752914719001,0.613286944397679
E05013530,Northfield,E09000009,Ealing,2.7325048311805,0.634035413738691,1.31574127491806,0.598819660261213
E05013531,Northolt Mandeville,E09000009,Ealing,3.21186245489877,0.688654164354147,1.49520213679076,0.680495818321608
E05013532,Northolt West End,E09000009,Ealing,3.35797015235761,0.702201045682938,1.51808000682822,0.690907985686492
E05013533,Norwood Green,E09000009,Ealing,4.68065914039295,0.786354876523641,1.68341999287146,0.766157456199737
E05013534,Perivale,E09000009,Ealing,3.35795680450397,0.702199861934282,1.51183706416086,0.688066700033784
E05013535,Pitshanger,E09000009,Ealing,3.12355723914889,0.67985219304882,1.45079797512521,0.660286613434878
E05013536,South Acton,E09000009,Ealing,3.25350038967657,0.692638733601194,1.42977196852935,0.650717265443445
E05013537,Southall Broadway,E09000009,Ealing,4.26179167017861,0.76535690212232,1.59279518707347,0.724912329628351
E05013538,Southall Green,E09000009,Ealing,3.97059054180174,0.748148294448354,1.576893547455,0.717675181554146
E05013539,Southall West,E09000009,Ealing,4.23418455037924,0.763827016016476,1.5870082966032,0.722278602275238
E05013540,Southfield,E09000009,Ealing,2.77503078452865,0.63964363726154,1.30279578653072,0.592927914592211
E05013541,Walpole,E09000009,Ealing,2.93260333132782,0.659006047862865,1.38484889703308,0.63027189451521
E05013542,Belmont,E09000015,Harrow,4.43704037980071,0.774624543749382,1.73073253290854,0.787690321126286
E05013543,Canons,E09000015,Harrow,5.34937004687608,0.813062100539487,1.82976154728492,0.832760367856076
E05013544,Centenary,E09000015,Harrow,3.82854788724671,0.738804364095561,1.60512236390986,0.730522669583377
E05013545,Edgware,E09000015,Harrow,3.88834238790576,0.742821001794908,1.59687522860278,0.726769236551474
E05013546,Greenhill,E09000015,Harrow,4.33276900295578,0.769200712219412,1.69598922904614,0.771877962107204
E05013547,Harrow on the Hill,E09000015,Harrow,3.67430319700734,0.727839553139087,1.60459175521678,0.73028117916016
E05013548,Harrow Weald,E09000015,Harrow,3.53401225407864,0.717035502962422,1.59618791581343,0.72645642702056
E05013549,Hatch End,E09000015,Harrow,4.20915372708175,0.762422552171001,1.71890842700433,0.782308938619388
E05013550,Headstone,E09000015,Harrow,3.97709142529492,0.74855996680392,1.63642144724299,0.744767496287016
E05013551,Kenton East,E09000015,Harrow,3.33566133299099,0.700209373742589,1.48869165821955,0.677532771831794
E05013552,Kenton West,E09000015,Harrow,3.90702978872352,0.744051094034091,1.6160609527177,0.735501035891794
E05013553,Marlborough,E09000015,Harrow,4.16081831052057,0.759662661195392,1.63380124883413,0.743574992600369
E05013554,North Harrow,E09000015,Harrow,4.02181817071877,0.751356238011804,1.64204409738896,0.747326474647246
E05013555,Pinner,E09000015,Harrow,3.89710997975238,0.743399594777785,1.67323359765057,0.761521427945748
E05013556,Pinner South,E09000015,Harrow,3.9002889071992,0.743608736738915,1.65854781532721,0.754837640373536
E05013557,Rayners Lane,E09000015,Harrow,3.61545155077404,0.723409376130097,1.54212129256823,0.701849646356044
E05013558,Roxbourne,E09000015,Harrow,4.03031503402483,0.751880438239251,1.58487088258573,0.721305823234115
E05013559,Roxeth,E09000015,Harrow,3.89781719185764,0.74344615183879,1.59352035128044,0.725242366081817
E05013560,Stanmore,E09000015,Harrow,5.24374217275684,0.809296497223802,1.81650976826332,0.82672922331205
E05013561,Wealdstone North,E09000015,Harrow,3.68738463983642,0.728805075229591,1.53649593290867,0.699289434843033
E05013562,Wealdstone South,E09000015,Harrow,3.7303855908353,0.731931197017067,1.55174974030479,0.706231741766715
E05013563,West Harrow,E09000015,Harrow,3.92974746947254,0.745530722325467,1.60345299984521,0.729762909255794
E05013564,Belmore,E09000017,Hillingdon,4.93941035802087,0.797546685228097,1.72309496065104,0.784214312193801
E05013565,Charville,E09000017,Hillingdon,3.21580573400521,0.689035942244396,1.5010379271068,0.68315180095362
E05013566,Colham & Cowley,E09000017,Hillingdon,3.12801461889057,0.680308399468198,1.45746807982028,0.663322308904456
E05013567,Eastcote,E09000017,Hillingdon,2.50744904733385,0.601188306871763,1.30917571234364,0.595831543961158
E05013568,Harefield Village,E09000017,Hillingdon,2.0919909181891,0.521986452567569,1.07608104266268,0.489745588030538
E05013569,Hayes Town,E09000017,Hillingdon,4.57092657982189,0.781225976279198,1.70064225403514,0.773995645040932
E05013570,Heathrow Villages,E09000017,Hillingdon,3.7157920110707,0.730878370742863,1.60844387136546,0.732034352772185
E05013571,Hillingdon East,E09000017,Hillingdon,2.94309329885872,0.660221441030163,1.43539059758647,0.653274413727272
E05013572,Hillingdon West,E09000017,Hillingdon,2.86485048136672,0.650941643724829,1.4116148021615,0.64245358290724
E05013573,Ickenham & South Harefield,E09000017,Hillingdon,2.43377390780905,0.589115489819584,1.27142286478933,0.57864948258076
E05013574,Northwood,E09000017,Hillingdon,3.74581482797049,0.733035388580111,1.66026264032233,0.755618090862212
E05013575,Northwood Hills,E09000017,Hillingdon,3.27553155317878,0.694706039687043,1.53299779405924,0.697697363242565
E05013576,Pinkwell,E09000017,Hillingdon,4.89196964763393,0.795583359662981,1.72878894078316,0.786805754229748
E05013577,Ruislip,E09000017,Hillingdon,2.24899187531391,0.555356330551251,1.17911708563782,0.536639312066729
E05013578,Ruislip Manor,E09000017,Hillingdon,2.11314462697856,0.526771624037002,1.10514682946726,0.502973997681689
E05013579,South Ruislip,E09000017,Hillingdon,2.46981672922461,0.595111658218485,1.26690431112804,0.576593000185695
E05013580,Uxbridge,E09000017,Hillingdon,3.38810308603898,0.704849594417419,1.51155873793577,0.687940028309845
E05013581,West Drayton,E09000017,Hillingdon,2.978879957789,0.664303357580671,1.41845317107662,0.645565858723585
E05013582,Wood End,E09000017,Hillingdon,4.27536203503101,0.766101679388481,1.67030929922462,0.760190522376917
E05013583,Yeading,E09000017,Hillingdon,3.7601263819409,0.734051492310793,1.5867972651637,0.722182557728094
E05013584,Yiewsley,E09000017,Hillingdon,2.99072280144803,0.665632669294584,1.40062276090492,0.637450889341022
E05013585,Alexandra Park,E09000014,Haringey,3.0817371013342,0.675507687022666,1.37504769240277,0.625811174053859
E05013586,Bounds Green,E09000014,Haringey,3.19207037031359,0.686723698418416,1.43279371520846,0.65209252162357
E05013587,Bruce Castle,E09000014,Haringey,2.89279517045923,0.654313582167226,1.31861853499856,0.60012915775645
E05013588,Crouch End,E09000014,Haringey,3.00177553531273,0.666863831676935,1.34010761707075,0.609909260479607
E05013589,Fortis Green,E09000014,Haringey,3.28264427377564,0.695367540129526,1.43070149048265,0.651140309115394
E05013590,Harringay,E09000014,Haringey,3.47155009490135,0.711944240277939,1.45687126885124,0.663050688527005
E05013591,Hermitage & Gardens,E09000014,Haringey,3.36168733171009,0.702530336308433,1.43171131065833,0.651599898083267
E05013592,Highgate,E09000014,Haringey,3.28875866259418,0.69593390619572,1.42381663032397,0.648006874222259
E05013593,Hornsey,E09000014,Haringey,3.25791357717695,0.693055086849013,1.41404928361941,0.643561563166983
E05013594,Muswell Hill,E09000014,Haringey,3.07219370712418,0.674499691317941,1.35740850389913,0.617783233402916
E05013595,Noel Park,E09000014,Haringey,3.26955517101819,0.694147996380626,1.42020868700134,0.646364828452407
E05013596,Northumberland Park,E09000014,Haringey,2.88756180474359,0.653687066244873,1.32066210850762,0.601059228141672
E05013597,St Ann's,E09000014,Haringey,3.2406988175304,0.691424579602847,1.41513097537562,0.644053862300794
E05013598,Seven Sisters,E09000014,Haringey,3.06773883645975,0.6740270103455,1.401564067018,0.637879296215215
E05013599,South Tottenham,E09000014,Haringey,3.98536273678556,0.749081811105967,1.59432925872864,0.725610515726849
E05013600,Stroud Green,E09000014,Haringey,3.0585874862577,0.673051693144949,1.34217986959966,0.610852383249252
E05013601,Tottenham Central,E09000014,Haringey,3.02359171659615,0.669267515679741,1.37457303912901,0.625595150039447
E05013602,Tottenham Hale,E09000014,Haringey,2.94551279668619,0.660500541323386,1.36192300303912,0.619837870505815
E05013603,West Green,E09000014,Haringey,3.28954072285283,0.696006195316909,1.4193924583864,0.645993346800803
E05013604,White Hart Lane,E09000014,Haringey,3.04712810131595,0.671822133251262,1.38010443793282,0.628112598124116
E05013605,Woodside,E09000014,Haringey,3.07274257122669,0.674557833329727,1.40327467855135,0.638657829074802
E05013606,Bedfont,E09000018,Hounslow,3.18049665967016,0.685583697451924,1.47558438421738,0.671567394356334
E05013607,Brentford East,E09000018,Hounslow,3.18615678692761,0.68614225009175,1.44201160508495,0.656287764099724
E05013608,Brentford West,E09000018,Hounslow,2.67025276976533,0.625503618487818,1.29422785399035,0.589028480447541
E05013609,Chiswick Gunnersbury,E09000018,Hounslow,2.84095756712561,0.648006006294643,1.34796893439321,0.613487100179539
E05013610,Chiswick Homefields,E09000018,Hounslow,2.68460113176346,0.62750518571706,1.28374759673253,0.584258709816937
E05013611,Chiswick Riverside,E09000018,Hounslow,2.69110163494956,0.62840496731416,1.26993535915358,0.577972489591014
E05013612,Cranford,E09000018,Hounslow,4.88926128307831,0.795470124809858,1.71904275456591,0.782370073727272
E05013613,Feltham North,E09000018,Hounslow,3.14635196509806,0.682171603465592,1.49357415466299,0.679754891725135
E05013614,Feltham West,E09000018,Hounslow,3.01373096588045,0.668185378415868,1.41783495072768,0.64528449451743
E05013615,Hanworth Park,E09000018,Hounslow,2.74169730980484,0.635262435271827,1.34792895445001,0.613468904523248
E05013616,Hanworth Village,E09000018,Hounslow,3.04925832885031,0.672051399995014,1.41727477104093,0.64502954575501
E05013617,Heston Central,E09000018,Hounslow,5.08615850267103,0.803387959798177,1.74683147121836,0.795017263704611
E05013618,Heston East,E09000018,Hounslow,4.98259093422433,0.799301204292888,1.73093750910003,0.787783609811298
E05013619,Heston West,E09000018,Hounslow,4.64990945411317,0.784942048900451,1.6706633649403,0.760351664628523
E05013620,Hounslow Central,E09000018,Hounslow,4.55421572689884,0.780423225431848,1.70918209221358,0.777882292890463
E05013621,Hounslow East,E09000018,Hounslow,4.78700966783956,0.791101320158538,1.74496268171171,0.794166740946978
E05013622,Hounslow Heath,E09000018,Hounslow,4.89301919398307,0.795627206770475,1.74420137670806,0.793820256108107
E05013623,Hounslow South,E09000018,Hounslow,3.55226873658053,0.71848976691932,1.58182224493707,0.719918328446323
E05013624,Hounslow West,E09000018,Hounslow,5.13882775553421,0.805403090437686,1.7793499580676,0.809817064864974
E05013625,Isleworth,E09000018,Hounslow,3.14104964519158,0.681635086051304,1.44420865986261,0.65728768682056
E05013626,Osterley & Spring Grove,E09000018,Hounslow,4.43409951741379,0.774475066228722,1.7161886799529,0.781071128393028
E05013627,Syon & Brentford Lock,E09000018,Hounslow,3.0719732858085,0.67447633590446,1.4353602776234,0.653260614517403
E05013628,Barnet Vale,E09000003,Barnet,2.96376391885864,0.662591209226576,1.44088655443591,0.655775731483374
E05013629,Brunswick Park,E09000003,Barnet,3.14423443320669,0.681957557159586,1.52016181578311,0.691855457773035
E05013630,Burnt Oak,E09000003,Barnet,3.22928645303446,0.690334067744182,1.50375007041772,0.684386150568538
E05013631,Childs Hill,E09000003,Barnet,4.6346037120532,0.78423182171988,1.70889276029364,0.777750612258943
E05013632,Colindale North,E09000003,Barnet,3.12468700106063,0.679967945698061,1.43997016852068,0.655358666279991
E05013633,Colindale South,E09000003,Barnet,3.8242844589626,0.738513175280045,1.58909688670472,0.723229160594608
E05013634,Cricklewood,E09000003,Barnet,3.37701468872624,0.703880470719189,1.48968730925536,0.677985912146205
E05013635,East Barnet,E09000003,Barnet,2.83127938960313,0.64680278333811,1.40262505716805,0.638362173642033
E05013636,East Finchley,E09000003,Barnet,3.69551858392274,0.729401983161315,1.56763618694992,0.713461975220772
E05013637,Edgware,E09000003,Barnet,4.59678062562285,0.782456444750504,1.73231713475762,0.788411504507099
E05013638,Edgwarebury,E09000003,Barnet,4.63852555113075,0.784414252120218,1.73556400706323,0.789889219775306
E05013639,Finchley Church End,E09000003,Barnet,4.65413500023517,0.785137302646041,1.72255913194119,0.783970446038574
E05013640,Friern Barnet,E09000003,Barnet,3.33605355543136,0.700244620362308,1.52126340496608,0.692356812616015
E05013641,Garden Suburb,E09000003,Barnet,3.67936440737168,0.728213927928291,1.53018159724848,0.696415656839039
E05013642,Golders Green,E09000003,Barnet,3.35221967153488,0.701690193965681,1.51192894188339,0.688108515387333
E05013643,Hendon,E09000003,Barnet,4.2099999084034,0.762470303620686,1.64856640719136,0.750294905762422
E05013644,High Barnet,E09000003,Barnet,2.85524539457572,0.649767406367327,1.4013535556071,0.637783488343288
E05013645,Mill Hill,E09000003,Barnet,4.26287201658082,0.765416368093996,1.68073482078514,0.76493538171813
E05013646,Totteridge & Woodside,E09000003,Barnet,4.69166286925768,0.786855955368715,1.77677643683321,0.808645804875925
E05013647,Underhill,E09000003,Barnet,2.74261038157404,0.635383863957344,1.36869318700318,0.622919114013597
E05013648,West Finchley,E09000003,Barnet,4.47850439456319,0.776711171431699,1.75292532866364,0.797790697748695
E05013649,West Hendon,E09000003,Barnet,4.3362705381428,0.769387082470114,1.71080526013266,0.77862102844614
E05013650,Whetstone,E09000003,Barnet,3.13520597630915,0.681041689906057,1.52078150000297,0.692137488215552
E05013651,Woodhouse,E09000003,Barnet,3.47402447372408,0.712149408398375,1.58111734714132,0.719597515634096
E05013652,Belsize,E09000007,Camden,3.83647556648266,0.739344097812979,1.57486956047166,0.716754025380936
E05013653,Bloomsbury,E09000007,Camden,3.71445000173859,0.730781138652576,1.53868915779981,0.700287614507397
E05013654,Camden Square,E09000007,Camden,3.5495394616904,0.718273311004755,1.44723811013847,0.658666449058663
E05013655,Camden Town,E09000007,Camden,3.66052544175409,0.726815175604733,1.49168154768233,0.678893529167942
E05013656,Fortune Green,E09000007,Camden,3.68882657337282,0.728911083210489,1.54719251995524,0.704157661403443
E05013657,Frognal,E09000007,Camden,4.11794582643326,0.75716047705607,1.6241713301636,0.739192227738798
E05013658,Gospel Oak,E09000007,Camden,3.40271790143561,0.706117277727285,1.4486665227497,0.65931654765394
E05013659,Hampstead Town,E09000007,Camden,3.40148778326716,0.706010997623078,1.42524812927218,0.648658377470026
E05013660,Haverstock,E09000007,Camden,3.60078770924896,0.722282988960608,1.47524130816593,0.671411253716459
E05013661,Highgate,E09000007,Camden,3.11856447745172,0.67933964257262,1.37845659723522,0.627362633503024
E05013662,Holborn & Covent Garden,E09000007,Camden,3.70672659582286,0.730220189121337,1.49596441996067,0.680842748343134
E05013663,Kentish Town North,E09000007,Camden,3.12181579763582,0.679673605099535,1.36201426460851,0.619879405435986
E05013664,Kentish Town South,E09000007,Camden,3.36689789597372,0.702990696214505,1.41212759560659,0.642686965261677
E05013665,Kilburn,E09000007,Camden,3.58290836641503,0.720897132236576,1.48940611432823,0.677857934819704
E05013666,King's Cross,E09000007,Camden,3.93484145900242,0.745860154616363,1.53558292487795,0.698873906981139
E05013667,Primrose Hill,E09000007,Camden,4.01098987118258,0.750684984974753,1.61012860682651,0.732801108923757
E05013668,Regent's Park,E09000007,Camden,3.91109358113041,0.744317035822249,1.54018846001475,0.700969976351705
E05013669,St Pancras & Somers Town,E09000007,Camden,3.60695350364954,0.722757723661202,1.44464050627049,0.657484228590727
E05013670,South Hampstead,E09000007,Camden,4.02810170619745,0.751744103565844,1.62801734871835,0.740942626216233
E05013671,West Hampstead,E09000007,Camden,3.72135715333875,0.731280831482995,1.55589646411059,0.708118997101727
E05013672,Arnos Grove,E09000010,Enfield,3.08997687637976,0.676372982709306,1.52048021204907,0.692000366158479
E05013673,Bowes,E09000010,Enfield,3.05115783215873,0.672255564933365,1.4235047094135,0.647864912898104
E05013674,Brimsdown,E09000010,Enfield,2.75095387013703,0.636489724216936,1.27974845109838,0.582438620202343
E05013675,Bullsmoor,E09000010,Enfield,2.53893510450563,0.606134084236581,1.22089253874694,0.555652140131745
E05013676,Bush Hill Park,E09000010,Enfield,2.37240813224123,0.578487366313614,1.24325769380474,0.565830960853347
E05013677,Carterhatch,E09000010,Enfield,3.01627165920736,0.668464875520268,1.3441197378455,0.611735255335179
E05013678,Cockfosters,E09000010,Enfield,3.2486987092174,0.692184443832006,1.53222094962688,0.697343806104904
E05013679,Edmonton Green,E09000010,Enfield,2.9696664244008,0.66326184254793,1.31819525171522,0.599936513232216
E05013680,Enfield Lock,E09000010,Enfield,2.82710064103191,0.646280721143697,1.29925725429849,0.591317459170984
E05013681,Grange Park,E09000010,Enfield,2.3209343905906,0.569139048456456,1.23833347469503,0.563589852156264
E05013682,Haselbury,E09000010,Enfield,3.03199244364444,0.670183874601611,1.36641209202637,0.621880942949823
E05013683,Highfield,E09000010,Enfield,3.02131281283947,0.669018052102924,1.41509350130647,0.644036807116933
E05013684,Jubilee,E09000010,Enfield,2.83623173381402,0.647419500995692,1.31945276995209,0.600508834445916
E05013685,Lower Edmonton,E09000010,Enfield,2.87272374940886,0.651898307240375,1.32271150463532,0.601991948514838
E05013686,New Southgate,E09000010,Enfield,3.37583816674997,0.703777269346199,1.51209133939967,0.688182425682147
E05013687,Oakwood,E09000010,Enfield,3.09857834623604,0.677271352130006,1.51654069552026,0.690207414919243
E05013688,Palmers Green,E09000010,Enfield,2.93152063116464,0.658880108374773,1.39149553117228,0.633296908074477
E05013689,Ponders End,E09000010,Enfield,3.05841422812369,0.67303317163369,1.33596747021033,0.608024998441431
E05013690,Ridgeway,E09000010,Enfield,2.55512603549848,0.608629873396868,1.29775417690345,0.590633379168171
E05013691,Southbury,E09000010,Enfield,2.67144007201456,0.625670060700299,1.2907173903503,0.587430799593134
E05013692,Southgate,E09000010,Enfield,3.15998245063682,0.683542546320638,1.5013819312092,0.683308363967686
E05013693,Town,E09000010,Enfield,2.20206356679836,0.545880502689607,1.1261993919151,0.512555431762209
E05013694,Upper Edmonton,E09000010,Enfield,2.96279834513584,0.662481247958793,1.33428083498096,0.607257377668038
E05013695,Whitewebbs,E09000010,Enfield,2.35606491913212,0.575563477950192,1.17291746681652,0.533817743946091
E05013696,Winchmore Hill,E09000010,Enfield,2.56032635156826,0.609424790949998,1.30253054551507,0.592807198203737
E05013697,Arsenal,E09000019,Islington,3.54520544945489,0.717928900240814,1.42785839179838,0.649846359141598
E05013698,Barnsbury,E09000019,Islington,3.27950074733395,0.695075538307791,1.38837370246948,0.631876102602428
E05013699,Bunhill,E09000019,Islington,3.54508577538259,0.717919378158888,1.46016087600347,0.664547853262083
E05013700,Caledonian,E09000019,Islington,3.69844053194913,0.729615768764846,1.4828674407035,0.674882056208034
E05013701,Canonbury,E09000019,Islington,3.26115391006223,0.693360072054704,1.36450963789594,0.621015098761632
E05013702,Clerkenwell,E09000019,Islington,3.39207540605684,0.705195232920113,1.41663600710604,0.644738831759966
E05013703,Finsbury Park,E09000019,Islington,3.767206228723,0.734551298950528,1.46932847703414,0.668720208298174
E05013704,Highbury,E09000019,Islington,3.20097811431238,0.687595489788341,1.3557571922337,0.617031689076288
E05013705,Hillrise,E09000019,Islington,3.44971277251927,0.710120793833593,1.42583396632858,0.6489250034046
E05013706,Holloway,E09000019,Islington,3.54210406228681,0.717681925088787,1.44337259810824,0.656907178718208
E05013707,Junction,E09000019,Islington,3.42955695505915,0.708417147432167,1.4322878982195,0.651862314391147
E05013708,Laycock,E09000019,Islington,3.50368552738939,0.714586257190409,1.42455921147128,0.64834483746688
E05013709,Mildmay,E09000019,Islington,3.53420114049498,0.717050626082944,1.42273496349616,0.647514586433851
E05013710,St Mary's & St James',E09000019,Islington,3.22537505717998,0.689958537450115,1.3674374428953,0.622347600240799
E05013711,St Peter's & Canalside,E09000019,Islington,3.28265059732197,0.695368126959411,1.39008304296587,0.632654056988167
E05013712,Tollington,E09000019,Islington,3.58893025696401,0.721365440841436,1.45583642570505,0.662579711114473
E05013713,Tufnell Park,E09000019,Islington,3.38923379554553,0.704948061914672,1.41435538307074,0.643700875030906
E05013714,Bellingham,E09000023,Lewisham,2.55285161764998,0.608281189127417,1.23184254260958,0.560635701655492
E05013715,Blackheath,E09000023,Lewisham,2.74786700308746,0.636081368248021,1.26090160720405,0.573861051896977
E05013716,Brockley,E09000023,Lewisham,2.9305770608578,0.658770276558674,1.30515998397841,0.594003907220403
E05013717,Catford South,E09000023,Lewisham,2.52114177390168,0.603354317336777,1.26411487810112,0.575323474505121
E05013718,Crofton Park,E09000023,Lewisham,2.76417823683259,0.638228828128726,1.26126094636324,0.574024594196156
E05013719,Deptford,E09000023,Lewisham,3.04201915276592,0.671270971752179,1.38723688874544,0.631358716379935
E05013720,Downham,E09000023,Lewisham,2.48366336493163,0.597368945357243,1.2042641348228,0.54808422736777
E05013721,Evelyn,E09000023,Lewisham,2.83897928058045,0.647760726243996,1.33399501846587,0.607127296966212
E05013722,Forest Hill,E09000023,Lewisham,2.74328521414643,0.63547355745467,1.25339808201306,0.570446050413562
E05013723,Grove Park,E09000023,Lewisham,2.47473745302397,0.595916730973597,1.21953855027769,0.555035913423191
E05013724,Hither Green,E09000023,Lewisham,2.67040987091435,0.625525650241249,1.28055202876062,0.582804344157246
E05013725,Ladywell,E09000023,Lewisham,2.92948156354079,0.658642671643468,1.33501482497846,0.607591430911877
E05013726,Lee Green,E09000023,Lewisham,2.69009284404369,0.628265618335751,1.25698059700617,0.572076523251918
E05013727,Lewisham Central,E09000023,Lewisham,3.03340685682197,0.670337660854477,1.38683412666055,0.631175411455603
E05013728,New Cross Gate,E09000023,Lewisham,2.75428121542338,0.636928867538937,1.30051490187889,0.59188983925146
E05013729,Perry Vale,E09000023,Lewisham,2.65753785097757,0.623711850564178,1.23806406722256,0.563467239531569
E05013730,Rushey Green,E09000023,Lewisham,2.62812238507591,0.619500215941764,1.2610324418296,0.573920597301162
E05013731,Sydenham,E09000023,Lewisham,2.50637958969433,0.601018136234521,1.19605026123857,0.544345932398311
E05013732,Telegraph Hill,E09000023,Lewisham,2.88151817139144,0.652960717052458,1.28922556025917,0.58675183845893
E05013733,Addison,E09000013,Hammersmith and Fulham,2.86471372190727,0.650924979919382,1.3307949788261,0.605670896162775
E05013734,Avonmore,E09000013,Hammersmith and Fulham,3.14861766330803,0.682400308029343,1.40943462082225,0.641461339619169
E05013735,Brook Green,E09000013,Hammersmith and Fulham,2.75429603270117,0.636930820751578,1.29961972808202,0.591482428099179
E05013736,College Park & Old Oak,E09000013,Hammersmith and Fulham,2.87201308847642,0.651812171743795,1.31981920047854,0.600675604165419
E05013737,Coningham,E09000013,Hammersmith and Fulham,2.91790722147023,0.657288623626581,1.31685971371735,0.59932868369506
E05013738,Fulham Reach,E09000013,Hammersmith and Fulham,2.62122541740957,0.618499045004587,1.26245586258338,0.574568424004205
E05013739,Fulham Town,E09000013,Hammersmith and Fulham,2.31703279916782,0.568413532877413,1.13050229413308,0.514513766955782
E05013740,Grove,E09000013,Hammersmith and Fulham,2.70582431499437,0.630426855705862,1.26646120639527,0.57639133453106
E05013741,Hammersmith Broadway,E09000013,Hammersmith and Fulham,2.97921547466993,0.66434116346996,1.3411362670442,0.610377419257758
E05013742,Lillie,E09000013,Hammersmith and Fulham,2.73384198939019,0.634214411849363,1.29540552777901,0.58956446288685
E05013743,Munster,E09000013,Hammersmith and Fulham,2.30965965730137,0.567035776531504,1.14087899269248,0.519236405991603
E05013744,Palace & Hurlingham,E09000013,Hammersmith and Fulham,2.16543164280792,0.538198306410958,1.09987260785844,0.500573595982555
E05013745,Parsons Green & Sandford,E09000013,Hammersmith and Fulham,2.26313919841755,0.558135884571647,1.13942345001489,0.518573959971016
E05013746,Ravenscourt,E09000013,Hammersmith and Fulham,2.8506443136591,0.649202113638515,1.31238309347986,0.597291286023623
E05013747,Sands End,E09000013,Hammersmith and Fulham,2.56993128501344,0.610884537718381,1.24323259182035,0.565819536447918
E05013748,Shepherd's Bush Green,E09000013,Hammersmith and Fulham,3.13431295386495,0.68095081291519,1.38488520883508,0.630288420728495
E05013749,Walham Green,E09000013,Hammersmith and Fulham,2.58931524488846,0.613797508057742,1.24741064548156,0.567721050614611
E05013750,Wendell Park,E09000013,Hammersmith and Fulham,2.85016009267725,0.649142515689122,1.29593173925286,0.589803952049348
E05013751,West Kensington,E09000013,Hammersmith and Fulham,2.88205296327152,0.653025113436893,1.32255319056044,0.601919896674297
E05013752,White City,E09000013,Hammersmith and Fulham,3.03219379789257,0.670205776195764,1.33843379948816,0.60914747326866
E05013753,Wormholt,E09000013,Hammersmith and Fulham,2.95916889153116,0.662067277450132,1.32196360368371,0.601651564122942
E05013754,Beddington,E09000029,Sutton,2.36297936088509,0.576805444620796,1.18053300770918,0.537283725972329
E05013755,Belmont,E09000029,Sutton,2.5932398867585,0.614381991767842,1.26257164989204,0.57462112107935
E05013756,Carshalton Central,E09000029,Sutton,2.20921101156703,0.547349712289057,1.06769641951415,0.485929581585401
E05013757,Carshalton South & Clockhouse,E09000029,Sutton,2.23587459132082,0.55274772391896,1.11453729011251,0.507247780499389
E05013758,Cheam,E09000029,Sutton,2.36033977966981,0.576332183775724,1.21343336278279,0.552257322851307
E05013759,Hackbridge,E09000029,Sutton,2.49713272546965,0.599540709310145,1.18205406185425,0.537975987546663
E05013760,North Cheam,E09000029,Sutton,2.28860164139355,0.563051960676262,1.14178239180681,0.519647560647185
E05013761,St Helier East,E09000029,Sutton,2.4247922431472,0.587593533909498,1.13820248700743,0.518018275759191
E05013762,St Helier West,E09000029,Sutton,2.50103742125199,0.600165918549346,1.19521244765796,0.543964627005475
E05013763,South Beddington & Roundshaw,E09000029,Sutton,2.63185498542897,0.6200398557153,1.26749576253472,0.576862181321198
E05013764,Stonecot,E09000029,Sutton,2.33445267094768,0.57163406547281,1.17946348653521,0.536796965909203
E05013765,Sutton Central,E09000029,Sutton,2.6011105192042,0.61554882323649,1.23832185672412,0.563584564589834
E05013766,Sutton North,E09000029,Sutton,2.37347926272087,0.578677591286964,1.16801951546571,0.531588590221278
E05013767,Sutton South,E09000029,Sutton,2.73678314605171,0.63460751304221,1.31833773663285,0.600001360912832
E05013768,Sutton West & East Cheam,E09000029,Sutton,2.58550238214112,0.613227971899267,1.25134318987077,0.569510828696365
E05013769,The Wrythe,E09000029,Sutton,2.28459417985242,0.562285499622258,1.09623749690238,0.498919185689883
E05013770,Wallington North,E09000029,Sutton,2.38658864938848,0.58099188971831,1.1571582712424,0.526645424950267
E05013771,Wallington South,E09000029,Sutton,2.46848145545441,0.594892642279983,1.20277893700893,0.547408284713029
E05013772,Worcester Park North,E09000029,Sutton,2.59186400311906,0.614177287544178,1.24381969089148,0.566086736750145
E05013773,Worcester Park South,E09000029,Sutton,2.1941665306198,0.544246078843649,1.12126623500846,0.510310255298442
E05013774,Barnes,E09000027,Richmond upon Thames,2.39295576026583,0.58210677497485,1.1770371117531,0.535692675156616
E05013775,East Sheen,E09000027,Richmond upon Thames,2.3189655250824,0.568773235658833,1.11418312343877,0.50708659229979
E05013776,Fulwell & Hampton Hill,E09000027,Richmond upon Thames,2.41988274891101,0.58675683751619,1.12004752758108,0.509755597645352
E05013777,"Ham, Petersham & Richmond Riverside",E09000027,Richmond upon Thames,2.61822357888414,0.618061647574731,1.23763731802553,0.563273017602035
E05013778,Hampton,E09000027,Richmond upon Thames,2.45430166283496,0.592552123831061,1.17585123269284,0.535152958337274
E05013779,Hampton North,E09000027,Richmond upon Thames,2.53421533014326,0.60540054031499,1.23564009817357,0.562364043675311
E05013780,Hampton Wick & South Teddington,E09000027,Richmond upon Thames,2.52472548592321,0.603917334547628,1.15710227764175,0.526619941164389
E05013781,Heathfield,E09000027,Richmond upon Thames,3.05853154993658,0.673045713711623,1.46809259763864,0.66815773534559
E05013782,Kew,E09000027,Richmond upon Thames,2.58901132795982,0.613752172807982,1.24836689783532,0.568156259816085
E05013783,Mortlake & Barnes Common,E09000027,Richmond upon Thames,2.43603255004521,0.589496453985625,1.14800879463812,0.522481318696106
E05013784,North Richmond,E09000027,Richmond upon Thames,2.61689549065913,0.617867811852079,1.23872794937982,0.563769385322268
E05013785,St Margarets & North Twickenham,E09000027,Richmond upon Thames,2.54231128924461,0.606657137451831,1.20069159916872,0.546458296322339
E05013786,South Richmond,E09000027,Richmond upon Thames,2.58959821726396,0.613839709444754,1.21855740848902,0.554589376551726
E05013787,South Twickenham,E09000027,Richmond upon Thames,2.33049725262095,0.570907024723858,1.08379218089364,0.493255078280422
E05013788,Teddington,E09000027,Richmond upon Thames,2.40280939974496,0.583820506068379,1.10394260074024,0.502425929569108
E05013789,Twickenham Riverside,E09000027,Richmond upon Thames,2.51368676481084,0.602177958686411,1.15015726818957,0.523459131148053
E05013790,West Twickenham,E09000027,Richmond upon Thames,2.54252763308415,0.606690607021261,1.2285522752933,0.559138236466808
E05013791,Whitton,E09000027,Richmond upon Thames,2.56848233363268,0.610665027006173,1.29627424343402,0.589959832419836
E05013792,Abbey Road,E09000033,Westminster,4.53401871379956,0.779445109708868,1.70958603495851,0.778066135156336
E05013793,Bayswater,E09000033,Westminster,3.20796617157761,0.688276014610147,1.43325743525787,0.652303569713142
E05013794,Church Street,E09000033,Westminster,3.11718633145746,0.679197874728123,1.34920246219403,0.614048502875257
E05013795,Harrow Road,E09000033,Westminster,3.35895079928728,0.702287988197926,1.40840118697302,0.640991003605322
E05013796,Hyde Park,E09000033,Westminster,3.95351196391323,0.747060332907102,1.57605250460094,0.717292406455623
E05013797,Knightsbridge & Belgravia,E09000033,Westminster,3.02263181410019,0.6691624843836,1.42923188956686,0.650471464914878
E05013798,Lancaster Gate,E09000033,Westminster,3.37405548123138,0.703620759776291,1.46656787901023,0.667463805993015
E05013799,Little Venice,E09000033,Westminster,3.75227679938514,0.733495140826534,1.53774444054266,0.699857655154633
E05013800,Maida Vale,E09000033,Westminster,3.58957361425926,0.721415380359498,1.50660042934961,0.685683404823426
E05013801,Marylebone,E09000033,Westminster,3.56958715912556,0.719855558802221,1.53659386279909,0.699334004656893
E05013802,Pimlico North,E09000033,Westminster,2.70839272504897,0.630777327545096,1.29164550558054,0.587853203037831
E05013803,Pimlico South,E09000033,Westminster,2.69636042449785,0.62912969983001,1.26534773183702,0.575884570420678
E05013804,Queen's Park,E09000033,Westminster,3.08823688307183,0.676190642796381,1.32840696898529,0.604584066047436
E05013805,Regent's Park,E09000033,Westminster,4.5292963701772,0.779215154348384,1.72516533970418,0.78515658230788
E05013806,St James's,E09000033,Westminster,3.03219503963241,0.670205911252586,1.40440508167205,0.639172297705984
E05013807,Vincent Square,E09000033,Westminster,2.80522130491698,0.643521886046137,1.33188058458601,0.606164976636435
E05013808,West End,E09000033,Westminster,3.59066832793849,0.721500314518292,1.54672262140406,0.703943801356533
E05013809,Westbourne,E09000033,Westminster,3.28614486212143,0.695692051946112,1.38230103723387,0.629112313548617
E05013810,Abbey,E09000024,Merton,2.82490844203946,0.646006226213107,1.31950636347857,0.600533225910963
E05013811,Cannon Hill,E09000024,Merton,2.42782921552062,0.588109413295135,1.23381835934111,0.561534934602322
E05013812,Colliers Wood,E09000024,Merton,3.08745431791246,0.676108568085264,1.40092366890358,0.637587838473015
E05013813,Cricket Green,E09000024,Merton,2.71414350457129,0.631559643653421,1.3111180037432,0.596715518871867
E05013814,Figge's Marsh,E09000024,Merton,2.71916856054548,0.632240525832133,1.3251844268544,0.60311742391894
E05013815,Graveney,E09000024,Merton,3.12499176682204,0.679999156920355,1.42814292043694,0.649975853705555
E05013816,Hillside,E09000024,Merton,2.580877958273,0.612534952768881,1.25204880789039,0.569831969296601
E05013817,Lavender Fields,E09000024,Merton,2.92542549991997,0.658169384239196,1.37849534583799,0.627380268752135
E05013818,Longthornton,E09000024,Merton,2.55431469702169,0.608505560741598,1.29079994817639,0.58746837327902
E05013819,Lower Morden,E09000024,Merton,2.33089343786455,0.570979958261776,1.18226532123755,0.5380721358355
E05013820,Merton Park,E09000024,Merton,2.95428443258834,0.661508557209616,1.38755677275714,0.631504301867643
E05013821,Pollards Hill,E09000024,Merton,2.26280472856383,0.558070571721543,1.16766565450336,0.531427541156928
E05013822,Ravensbury,E09000024,Merton,2.72441305923335,0.632948463298954,1.3202678231113,0.600879781124562
E05013823,Raynes Park,E09000024,Merton,2.35212607861551,0.57485272193036,1.17381828718259,0.53422772496276
E05013824,St Helier,E09000024,Merton,3.01714012137437,0.668560305530497,1.39550172723597,0.635120206477842
E05013825,Village,E09000024,Merton,2.35887557275588,0.576069203670756,1.19619233426304,0.544410592618271
E05013826,Wandle,E09000024,Merton,2.64193987007101,0.621490249899926,1.26216205291856,0.574434705463164
E05013827,West Barnes,E09000024,Merton,2.501638273075,0.600261952032415,1.26792303027003,0.577056639247675
E05013828,Wimbledon Park,E09000024,Merton,2.59888673234978,0.615219860276153,1.24990079215748,0.568854365206848
E05013829,Wimbledon Town & Dundonald,E09000024,Merton,2.61323086733488,0.6173319347709,1.2457099186413,0.566947016472716
E05013882,Cann Hall,E09000031,Waltham Forest,2.9920092253557,0.665776431594686,1.34342839135103,0.611420609985949
E05013883,Cathall,E09000031,Waltham Forest,3.15164130628188,0.682705008972058,1.37882890373658,0.627532077493958
E05013884,Chapel End,E09000031,Waltham Forest,3.0949529609269,0.676893312232923,1.39150872050567,0.633302910798788
E05013885,Chingford Green,E09000031,Waltham Forest,2.19019447254206,0.543419539891659,1.09541228628975,0.49854361615496
E05013886,Endlebury,E09000031,Waltham Forest,2.386614166723,0.580996369692603,1.20676033367934,0.549220296426114
E05013887,Forest,E09000031,Waltham Forest,3.31022154692955,0.697905416352701,1.40172799045358,0.637953900985828
E05013888,Grove Green,E09000031,Waltham Forest,3.28306277139445,0.695406372149486,1.42329925303797,0.647771405671917
E05013889,Hale End & Highams Park South,E09000031,Waltham Forest,2.69868695647565,0.629449426284718,1.27796707473473,0.581627880880549
E05013890,Hatch Lane & Highams Park North,E09000031,Waltham Forest,2.47348288331889,0.595711776805097,1.21773726080419,0.554216111254546
E05013891,High Street,E09000031,Waltham Forest,3.53690802673956,0.717267174481257,1.46292666480892,0.665806617993726
E05013892,Higham Hill,E09000031,Waltham Forest,3.05673674390981,0.672853737897978,1.37120213707493,0.624060986400076
E05013893,Hoe Street,E09000031,Waltham Forest,3.529117555551,0.71664304624053,1.43505212875329,0.653120369922793
E05013894,Larkswood,E09000031,Waltham Forest,2.56116099461228,0.609552073413727,1.26429996409769,0.575407710772311
E05013895,Lea Bridge,E09000031,Waltham Forest,3.10539424366778,0.677979695480178,1.36544768025912,0.621442020239237
E05013896,Leyton,E09000031,Waltham Forest,3.09069444491113,0.67644811940355,1.35782843464901,0.617974352123424
E05013897,Leytonstone,E09000031,Waltham Forest,3.52336915838396,0.716180747731054,1.46140515355618,0.665114148380724
E05013898,Markhouse,E09000031,Waltham Forest,3.32884325515634,0.699595347888186,1.40114394541389,0.637688090633207
E05013899,St James,E09000031,Waltham Forest,3.33621862126092,0.700259451335941,1.39357405958048,0.634242887119877
E05013900,Upper Walthamstow,E09000031,Waltham Forest,2.91461408819427,0.656901404528809,1.32305430029946,0.602147961544946
E05013901,Valley,E09000031,Waltham Forest,2.57360367021922,0.611439783222403,1.25073761348125,0.569235219004134
E05013902,William Morris,E09000031,Waltham Forest,3.51620299783424,0.715602312888096,1.46283073802475,0.665762959832809
E05013903,Wood Street,E09000031,Waltham Forest,3.20296119062122,0.687788911421044,1.36761735545766,0.622429481976613
E05013904,Beckton,E09000025,Newham,2.81532996741773,0.644801848602771,1.34171421471794,0.610640454579548
E05013905,Boleyn,E09000025,Newham,3.2671444297985,0.693922316112094,1.41953967934856,0.646060349948169
E05013906,Canning Town North,E09000025,Newham,2.58118305855085,0.612580751804009,1.26772036279589,0.576964401305213
E05013907,Canning Town South,E09000025,Newham,2.64213022694953,0.62151752029477,1.27680321016435,0.581098183287329
E05013908,Custom House,E09000025,Newham,2.33131325976494,0.571057216008446,1.19040429159642,0.541776340877999
E05013909,East Ham,E09000025,Newham,3.53061217737758,0.716763000363646,1.46755153082881,0.667911485228323
E05013910,East Ham South,E09000025,Newham,3.0478803258301,0.671903128372455,1.37036111663665,0.623678221503419
E05013911,Forest Gate North,E09000025,Newham,3.26675482001575,0.693885811731908,1.42000059986856,0.646270123917002
E05013912,Forest Gate South,E09000025,Newham,3.55051732555399,0.718350902612771,1.4957583302936,0.680748952893548
E05013913,Green Street East,E09000025,Newham,3.13419942250894,0.680939255869208,1.41507073876047,0.6440264474358
E05013914,Green Street West,E09000025,Newham,3.11243734605642,0.67870839190802,1.43141774240648,0.651466289414003
E05013915,Little Ilford,E09000025,Newham,3.30587218838243,0.69750796672835,1.45297171724257,0.661275926106773
E05013916,Manor Park,E09000025,Newham,3.26695489746153,0.693904559020079,1.45067484506071,0.660230574527535
E05013917,Maryland,E09000025,Newham,3.09187531487724,0.676571692529683,1.39239080706055,0.633704365690555
E05013918,Plaistow North,E09000025,Newham,3.2632428272727,0.693556363123684,1.42400731709708,0.648093659512702
E05013919,Plaistow South,E09000025,Newham,2.79177103257845,0.641804435847158,1.30702154709666,0.594851141106938
E05013920,Plaistow West & Canning Town East,E09000025,Newham,2.75604175707175,0.637160795030013,1.29845888139721,0.590954104004874
E05013921,Plashet,E09000025,Newham,3.01366523618991,0.66817814135711,1.39174684991998,0.633411288165749
E05013922,Royal Albert,E09000025,Newham,2.76885717364528,0.638840164989995,1.34614438475262,0.612656711852643
E05013923,Royal Victoria,E09000025,Newham,3.40471497492855,0.70628965791153,1.47813038557628,0.672726129510291
E05013924,Stratford,E09000025,Newham,3.62041660749136,0.723788693839598,1.51615223754085,0.690030620073868
E05013925,Stratford Olympic Park,E09000025,Newham,2.65891472868217,0.623906705539359,1.20487789723824,0.548363562680954
E05013926,Wall End,E09000025,Newham,3.86690344828174,0.741395146433162,1.52279141904855,0.693052241794367
E05013927,West Ham,E09000025,Newham,3.04950933238984,0.672078393275052,1.39120116333143,0.63316293549658
E05013928,Alexandra,E09000021,Kingston upon Thames,2.63726799120794,0.620819725817105,1.31206522191284,0.597146616438958
E05013929,Berrylands,E09000021,Kingston upon Thames,2.50124888399686,0.60019972166782,1.21613854454403,0.553488504128422
E05013930,Canbury Gardens,E09000021,Kingston upon Thames,2.82207291454966,0.645650544731026,1.31205224581825,0.597140710763804
E05013931,Chessington South & Malden Rushett,E09000021,Kingston upon Thames,2.31654386493893,0.568322441402868,1.1307493888424,0.514626224604338
E05013932,Coombe Hill,E09000021,Kingston upon Thames,3.22106100862341,0.689543291069991,1.48388403648254,0.67534472888589
E05013933,Coombe Vale,E09000021,Kingston upon Thames,2.94275956726807,0.660182907525688,1.40898961908965,0.641258810602703
E05013934,Green Lane & St James,E09000021,Kingston upon Thames,2.92322531499119,0.657912103158215,1.38378788576923,0.629789007479083
E05013935,Hook & Chessington North,E09000021,Kingston upon Thames,2.28114928729278,0.561624482198279,1.12480344959967,0.511920111035401
E05013936,King George's & Sunray,E09000021,Kingston upon Thames,2.79871407679035,0.642693046677055,1.34967409280393,0.614263151216066
E05013937,Kingston Gate,E09000021,Kingston upon Thames,2.94306574568166,0.660218260000717,1.3560713837422,0.617174683794145
E05013938,Kingston Town,E09000021,Kingston upon Thames,2.92180166955607,0.657745421114795,1.3368476813312,0.608425599786394
E05013939,Motspur Park & Old Malden East,E09000021,Kingston upon Thames,2.64277843436845,0.621610352576162,1.3266190294276,0.603770339687311
E05013940,New Malden Village,E09000021,Kingston upon Thames,2.74567851202909,0.635791300540503,1.35217597889132,0.615401808644709
E05013941,Norbiton,E09000021,Kingston upon Thames,3.07719066028079,0.67502826103445,1.41412935475764,0.64359800511245
E05013942,Old Malden,E09000021,Kingston upon Thames,2.65337185221105,0.623121049103351,1.33264297415375,0.6065119550817
E05013943,St Mark's & Seething Wells,E09000021,Kingston upon Thames,2.85900992328889,0.650228566240987,1.30948990238214,0.595974538009986
E05013944,Surbiton Hill,E09000021,Kingston upon Thames,2.78945761107926,0.641507368304086,1.31208835176944,0.597157143290348
E05013945,Tolworth,E09000021,Kingston upon Thames,2.82476249850946,0.645987936852154,1.34835400594091,0.613662353793425
E05013946,Tudor,E09000021,Kingston upon Thames,2.529298706686,0.604633490952816,1.22553804620423,0.557766401689353
E05013967,Beam Park,E09000016,Havering,2.17512817568263,0.540256978333625,1.04418372818733,0.475228494600782
E05013968,Cranham,E09000016,Havering,1.78517346550283,0.439830347400816,0.872671388079698,0.397169864692517
E05013969,Elm Park,E09000016,Havering,2.01720340262688,0.504264171526897,1.0011896648569,0.455661053123066
E05013970,Emerson Park,E09000016,Havering,2.29778095869344,0.564797507692544,1.23296539726951,0.561146734834125
E05013971,Gooshays,E09000016,Havering,2.22542580004429,0.550647790647481,1.01920155626598,0.463858618176207
E05013972,Hacton,E09000016,Havering,1.84762781896801,0.458765456043768,0.90059100433826,0.409876629647972
E05013973,Harold Wood,E09000016,Havering,2.08395169579767,0.520142428437032,1.0226466794228,0.465426561295156
E05013974,Havering-atte-Bower,E09000016,Havering,2.17189274383906,0.539572106939134,1.05631740419439,0.480750768533183
E05013975,Heaton,E09000016,Havering,2.1694561100565,0.53905497540858,1.04141970277387,0.473970532423418
E05013976,Hylands & Harrow Lodge,E09000016,Havering,1.94600131464447,0.486125732560105,0.975178005767156,0.443822636896499
E05013977,Marshalls & Rise Park,E09000016,Havering,1.89302686449016,0.471745478757733,0.979477943251038,0.445779622781435
E05013978,Mawneys,E09000016,Havering,2.10268617825539,0.524417856387059,1.04407136673677,0.475177356700852
E05013979,Rainham & Wennington,E09000016,Havering,2.0442328490197,0.51081893607201,1.02696382778982,0.467391380190572
E05013980,Rush Green & Crowlands,E09000016,Havering,2.26362734254513,0.558231171180483,1.14625814504693,0.521684563731116
E05013981,St Alban's,E09000016,Havering,2.44640129947703,0.591236319154273,1.18321698093496,0.53850525482899
E05013982,St Andrew's,E09000016,Havering,1.90228803179869,0.474317252022839,0.931404546522283,0.423900477051582
E05013983,St Edward's,E09000016,Havering,2.24497028510971,0.554559805698662,1.10604425619585,0.503382434187384
E05013984,South Hornchurch,E09000016,Havering,2.01794812561446,0.504447122645682,0.969078707746564,0.441046726739884
E05013985,Squirrels Heath,E09000016,Havering,2.09635005217321,0.522980430218067,1.05466926013367,0.480000665845587
E05013986,Upminster,E09000016,Havering,1.68239684841171,0.405609918406549,0.807152299498651,0.367350842432863
E05013987,Beckenham Town & Copers Cope,E09000006,Bromley,2.43501552408898,0.589325000145889,1.1580981337234,0.527073174799185
E05013988,Bickley & Sundridge,E09000006,Bromley,2.32723830366101,0.570306144228166,1.15136095664932,0.524006953374406
E05013989,Biggin Hill,E09000006,Bromley,2.05213396625501,0.512702378868118,0.93047494562319,0.423477397449851
E05013990,Bromley Common & Holwood,E09000006,Bromley,2.2553440575749,0.556608670574515,1.07988954799856,0.491478913506309
E05013991,Bromley Town,E09000006,Bromley,2.47738501808062,0.596348572102547,1.19908281818087,0.54572610854124
E05013992,Chelsfield,E09000006,Bromley,2.12727693002248,0.529915458637802,1.04113364521455,0.473840342017636
E05013993,Chislehurst,E09000006,Bromley,2.20419582870476,0.546319801998888,1.08472599289297,0.493680074436464
E05013994,Clock House,E09000006,Bromley,2.44001450025363,0.590166369955566,1.12830486543671,0.513513674057206
E05013995,Crystal Palace & Anerley,E09000006,Bromley,2.70903959198854,0.630865490870895,1.2362676169103,0.562649639760117
E05013996,Darwin,E09000006,Bromley,2.02345329132738,0.505795362667352,0.942260329787475,0.42884115693345
E05013997,Farnborough & Crofton,E09000006,Bromley,2.06335170065912,0.515351648640144,1.01419476695301,0.461579930160147
E05013998,Hayes & Coney Hall,E09000006,Bromley,2.05835847289193,0.51417597412222,0.969065038178114,0.441040505451177
E05013999,Kelsey & Eden Park,E09000006,Bromley,2.18196656805627,0.541697835961431,1.07645305544939,0.489914898346174
E05014000,Mottingham,E09000006,Bromley,2.32010627008719,0.568985260333606,1.11593101997937,0.507882094297459
E05014001,Orpington,E09000006,Bromley,2.13421781498302,0.531444263570653,1.02711236881736,0.467458984125586
E05014002,Penge & Cator,E09000006,Bromley,2.62016524328953,0.618344681671857,1.22166360899654,0.556003069325581
E05014003,Petts Wood & Knoll,E09000006,Bromley,2.09482390858892,0.522632906804275,1.03827532833902,0.472539465946518
E05014004,Plaistow,E09000006,Bromley,2.29318267383275,0.563924840610874,1.12290038210381,0.511053987692576
E05014005,Shortlands & Park Langley,E09000006,Bromley,2.31922847378129,0.568822127140587,1.13529284972046,0.516694042762267
E05014006,St Mary Cray,E09000006,Bromley,2.20580296549519,0.546650351077253,1.02063354712238,0.464510345301041
E05014007,St Paul's Cray,E09000006,Bromley,2.25057648587145,0.555669400139143,1.03961664062238,0.473149923474252
E05014008,West Wickham,E09000006,Bromley,2.01801885576168,0.504464491426884,0.996849875611326,0.453685929919756
E05014009,Balham,E09000032,Wandsworth,2.62151267699549,0.618540849039075,1.22728357318657,0.558560825254582
E05014010,Battersea Park,E09000032,Wandsworth,2.56371479970456,0.609941012114437,1.219951091653,0.555223669094395
E05014011,East Putney,E09000032,Wandsworth,2.71580920639944,0.631785621153492,1.26726976751566,0.576759326555513
E05014012,Falconbrook,E09000032,Wandsworth,2.76774474008058,0.638695004810708,1.28613816667762,0.585346705085946
E05014013,Furzedown,E09000032,Wandsworth,3.18223599243446,0.685755549752618,1.41486933481467,0.643934784549865
E05014014,Lavender,E09000032,Wandsworth,2.41805702741771,0.586444823814631,1.10217342637342,0.501620743615398
E05014015,Nine Elms,E09000032,Wandsworth,3.12124337369279,0.679614858479656,1.3858928727383,0.63074702833448
E05014016,Northcote,E09000032,Wandsworth,2.27352955633107,0.560155267295598,1.06229040727152,0.483469199383969
E05014017,Roehampton,E09000032,Wandsworth,2.77089123091233,0.63910528538836,1.30399294648687,0.593472765568528
E05014018,St Mary's,E09000032,Wandsworth,2.58686343455202,0.613431468146607,1.23134368121334,0.560408660049736
E05014019,Shaftesbury & Queenstown,E09000032,Wandsworth,2.49552899368972,0.599283357344822,1.17979897906696,0.536949655140522
E05014020,South Balham,E09000032,Wandsworth,2.66117228282278,0.624225757026422,1.22092084503968,0.55566502288075
E05014021,Southfields,E09000032,Wandsworth,2.51581779237672,0.602514934495599,1.20475301451669,0.548306726105013
E05014022,Thamesfield,E09000032,Wandsworth,2.36347078683211,0.576893437578573,1.11376004812249,0.506894042425444
E05014023,Tooting Bec,E09000032,Wandsworth,3.67072743099065,0.727574433460422,1.50025612216001,0.682795986188554
E05014024,Tooting Broadway,E09000032,Wandsworth,3.60577512537643,0.722667120042434,1.49150498738684,0.678813173114533
E05014025,Trinity,E09000032,Wandsworth,2.64838038791328,0.62241073655287,1.24102441514472,0.564814551933178
E05014026,Wandle,E09000032,Wandsworth,2.59322324566851,0.614379517201108,1.21920663687803,0.554884853125081
E05014027,Wandsworth Common,E09000032,Wandsworth,2.47051108652736,0.595225455391242,1.18878618064506,0.541039906847515
E05014028,Wandsworth Town,E09000032,Wandsworth,2.577006079968,0.611952797560952,1.20432282404595,0.548110937984318
E05014029,West Hill,E09000032,Wandsworth,2.86440565970577,0.650887437464874,1.31582360315332,0.598857129455809
E05014030,West Putney,E09000032,Wandsworth,2.45877998465244,0.593294232813858,1.20584965819341,0.548805830151104
E05014053,Abbey,E09000002,Barking and Dagenham,4.08993165466032,0.755497136764978,1.60330921065008,0.729697467972907
E05014054,Alibon,E09000002,Barking and Dagenham,2.24859204541715,0.555277266928833,1.11704210410168,0.508387770473563
E05014055,Barking Riverside,E09000002,Barking and Dagenham,2.48578308999336,0.597712284701932,1.20963612227631,0.550529124220336
E05014056,Beam,E09000002,Barking and Dagenham,2.22379992784294,0.550319258724868,1.16466063938178,0.530059899836795
E05014057,Becontree,E09000002,Barking and Dagenham,2.80088095995926,0.64296947485603,1.34880777302781,0.613868872094549
E05014058,Chadwell Heath,E09000002,Barking and Dagenham,2.68171482694298,0.627104272999844,1.33477273659767,0.607481251741624
E05014059,Eastbrook & Rush Green,E09000002,Barking and Dagenham,2.12384924399509,0.529156787927687,1.03569236295068,0.471363907737774
E05014060,Eastbury,E09000002,Barking and Dagenham,2.58663769671305,0.61339773201684,1.24138324446659,0.564977862195393
E05014061,Gascoigne,E09000002,Barking and Dagenham,3.09013779056634,0.676389835089934,1.37535033497742,0.625948912625404
E05014062,Goresbrook,E09000002,Barking and Dagenham,2.3159005745505,0.568202533826784,1.11350548188425,0.506778184337533
E05014063,Heath,E09000002,Barking and Dagenham,2.20721592819251,0.546940565611585,1.07697085320437,0.490150558260195
E05014064,Longbridge,E09000002,Barking and Dagenham,3.35758380854584,0.702166779141964,1.45894088210657,0.663992610111478
E05014065,Mayesbrook,E09000002,Barking and Dagenham,2.43553597242771,0.589412757060117,1.17980418877128,0.536952026179135
E05014066,Northbury,E09000002,Barking and Dagenham,3.46548560168974,0.71144015155844,1.4801821293821,0.673659918357815
E05014067,Parsloes,E09000002,Barking and Dagenham,2.29042409857074,0.563399633882644,1.11648259650011,0.508133127590294
E05014068,Thames View,E09000002,Barking and Dagenham,2.6224954493902,0.618683799724981,1.27968104875999,0.582407944076158
E05014069,Valence,E09000002,Barking and Dagenham,2.52566110052261,0.60406406077479,1.22397289571985,0.557054071006125
E05014070,Village,E09000002,Barking and Dagenham,2.2209934749117,0.54975104101116,1.10759911288753,0.504090079963656
E05014071,Whalebone,E09000002,Barking and Dagenham,2.73041085833188,0.633754752714784,1.35523688489711,0.616794887002454
E05014072,Abbey Wood,E09000011,Greenwich,2.53065571764529,0.604845497936609,1.27984414865338,0.582482174036566
E05014073,Blackheath Westcombe,E09000011,Greenwich,2.61601596544183,0.617739335994035,1.19810984404723,0.545283288929775
E05014074,Charlton Hornfair,E09000011,Greenwich,2.9636322080422,0.662576213982839,1.37887340122259,0.627552329172585
E05014075,Charlton Village & Riverside,E09000011,Greenwich,3.16848666168038,0.684391917411557,1.43921202613358,0.655013620809937
E05014076,East Greenwich,E09000011,Greenwich,2.77951333437552,0.640224787687636,1.26039913782525,0.573632368227594
E05014077,Eltham Page,E09000011,Greenwich,2.49528799034005,0.599244654776813,1.19150514607053,0.54227736134057
E05014078,Eltham Park & Progress,E09000011,Greenwich,2.29093301290111,0.563496621521178,1.08538688929113,0.493980861349635
E05014079,Eltham Town & Avery Hill,E09000011,Greenwich,2.34220568378154,0.573052013781522,1.12749110319565,0.513143314900726
E05014080,Greenwich Creekside,E09000011,Greenwich,3.02124757876731,0.669010905618,1.36613330396214,0.621754061033834
E05014081,Greenwich Park,E09000011,Greenwich,2.7354811165201,0.634433594163452,1.24596345989762,0.567062408071253
E05014082,Greenwich Peninsula,E09000011,Greenwich,3.60089428257637,0.722291208370461,1.53980058117613,0.700793445084656
E05014083,Kidbrooke Park,E09000011,Greenwich,2.6581391510545,0.623796971048979,1.3058698555074,0.594326983676177
E05014084,Kidbrooke Village & Sutcliffe,E09000011,Greenwich,2.89487125163438,0.654561494078391,1.35410376291253,0.616279180962997
E05014085,Middle Park & Horn Park,E09000011,Greenwich,2.62045890496794,0.618387451868003,1.23842669374354,0.563632277973576
E05014086,"Mottingham, Coldharbour & New Eltham",E09000011,Greenwich,2.34793060714396,0.57409303453972,1.15699079885567,0.526569204982376
E05014087,Plumstead & Glyndon,E09000011,Greenwich,3.90153869378715,0.743690866992448,1.63210698312272,0.742803899044941
E05014088,Plumstead Common,E09000011,Greenwich,2.80429356780963,0.643403953323946,1.36319940371713,0.620418785488824
E05014089,Shooters Hill,E09000011,Greenwich,2.69079307143858,0.62836235509356,1.32090870702815,0.601171459964979
E05014090,Thamesmead Moorings,E09000011,Greenwich,2.12104417813913,0.528534101124976,1.0717941810129,0.487794553214165
E05014091,West Thamesmead,E09000011,Greenwich,2.53189253691248,0.605038529313155,1.27274969838401,0.579253350573302
E05014092,Woolwich Arsenal,E09000011,Greenwich,3.10312963828275,0.677744691145616,1.41721365185985,0.645001729216951
E05014093,Woolwich Common,E09000011,Greenwich,3.12364066811421,0.679860743840387,1.45949687740911,0.664245654478575
E05014094,Woolwich Dockyard,E09000011,Greenwich,3.06555842797242,0.673795158860695,1.41052551548044,0.641957827174168
E05014095,Brixton Acre Lane,E09000022,Lambeth,2.71204729409355,0.631274866711264,1.21524892055956,0.553083618804614
E05014096,Brixton North,E09000022,Lambeth,2.46440731779427,0.594222922168956,1.19402867845575,0.543425870423912
E05014097,Brixton Rush Common,E09000022,Lambeth,2.72760772735319,0.633378366701439,1.23813869287513,0.563501203129713
E05014098,Brixton Windrush,E09000022,Lambeth,2.82352762843906,0.645833109643474,1.26721089804476,0.576732533904682
E05014099,Clapham Common & Abbeville,E09000022,Lambeth,2.52080863484065,0.603301898375473,1.16017090260788,0.52801653257238
E05014100,Clapham East,E09000022,Lambeth,2.66610625315086,0.624921175283927,1.21407508592997,0.552549383641906
E05014101,Clapham Park,E09000022,Lambeth,2.60184682508125,0.615657620440907,1.22292490894166,0.556577111668877
E05014102,Clapham Town,E09000022,Lambeth,2.5476863612382,0.607487006558378,1.17936867723707,0.536753816338094
E05014103,Gipsy Hill,E09000022,Lambeth,2.58243890480462,0.612769154716689,1.20594334147186,0.548848467248567
E05014104,Herne Hill & Loughborough Junction,E09000022,Lambeth,2.77104014793318,0.639124680042668,1.25325330418121,0.570380159182716
E05014105,Kennington,E09000022,Lambeth,2.65624092811093,0.623528126000536,1.22466415476896,0.557368676557255
E05014106,Knight's Hill,E09000022,Lambeth,2.6120303196045,0.617156051943756,1.22955211860795,0.559593284769544
E05014107,Myatt's Fields,E09000022,Lambeth,2.59007052954461,0.61391012769995,1.21663407103442,0.553714027953115
E05014108,Oval,E09000022,Lambeth,2.64805455642095,0.622364275851032,1.22904057239401,0.559360470054464
E05014109,St Martin's,E09000022,Lambeth,2.67663710721754,0.626396870422403,1.25344480130347,0.570467313278949
E05014110,Stockwell East,E09000022,Lambeth,2.62411434565174,0.618919045331603,1.19947338249648,0.545903862021536
E05014111,Stockwell West & Larkhall,E09000022,Lambeth,2.53370032031988,0.605320332487565,1.2030710490491,0.547541230631795
E05014112,Streatham Common & Vale,E09000022,Lambeth,2.76674026471404,0.638563831685387,1.32070946129114,0.601080779322198
E05014113,Streatham Hill East,E09000022,Lambeth,2.61895647450073,0.618168530200321,1.22686224489022,0.558369070483268
E05014114,Streatham Hill West & Thornton,E09000022,Lambeth,2.6139573046527,0.617438280946649,1.19126537830919,0.542168238329741
E05014115,Streatham St Leonard's,E09000022,Lambeth,2.76213713219439,0.637961494255883,1.283794771498,0.584280179977958
E05014116,Streatham Wells,E09000022,Lambeth,2.672619436791,0.625835243793372,1.25252562272135,0.570048977078091
E05014117,Vauxhall,E09000022,Lambeth,2.91276179570576,0.656683220208983,1.32283582072789,0.602048527206815
E05014118,Waterloo & South Bank,E09000022,Lambeth,2.89961823186162,0.655127013269613,1.34057874320697,0.610123679224546
E05014119,West Dulwich,E09000022,Lambeth,2.65560228057801,0.623437588032819,1.21707042303599,0.55391262030734
E09000001,City of London (aggregated),E09000001,City of London,2.98980104226818,0.665529583453031,1.35340215194038,0.615959864048653
